1 ,"1,374",845,650,549,699,"1,229","1,858","2,594","3,016","3,445","3,775","3,619","3,425","3,244","3,529","3,808","3,917","3,608","3,408","3,223","3,492","3,645","3,008","2,211"
7 ,"1,694","1,258",950,839,"1,105","2,092","3,373","4,202","4,413","4,951","4,875","4,554","4,616","4,093","4,018","4,009","4,180","3,961","3,674","2,999","2,957","3,008","2,515","1,914"
6 ,"1,324","1,004",857,781,"1,028","2,039","3,535","4,112","4,452","4,439","4,537","4,607","4,282","4,048","4,039","4,003","4,541","4,854","5,153","3,839","4,041","3,655","2,876","2,189"
5 ,"1,353",931,694,766,"1,330","3,038","4,587","5,028","4,960","4,838","5,331","5,238","4,425","4,190","4,046","4,078","4,055","4,072","3,905","2,978","2,928","2,637","2,151","1,803"
4 ,"1,284",821,625,528,668,"1,078","1,668","2,080","2,191","2,723","3,676","4,251","4,318","4,279","4,637","4,449","4,519","4,127","3,871","3,388","3,733","3,459","2,826","2,093"
3 ,"1,559",977,684,682,943,"1,724","2,781","3,082","3,861","4,267","4,822","5,126","4,993","4,635","4,436","4,182","3,957","3,785","3,330","2,860","3,105","3,056","2,714","2,009"
2 ,"1,998","1,488","1,305","1,815","3,200","5,714","5,647","4,147","5,222","5,056","5,257","4,830","5,103","4,769","3,929","2,840","4,305","4,491","4,213","3,034","3,978","3,679","3,653","2,606"
1 ,"4,098","4,599","4,403","4,768","6,213","5,626","5,631","4,687","4,319","4,220","4,150","4,972","4,726","4,291","4,701","4,537","4,077","4,433","3,899","3,536","3,763","3,815","3,311","2,702"
7 ,"4,676","3,713","3,301","3,730","5,356","5,636","5,102","3,271","4,585","4,707","3,620","4,726","4,438","4,654","3,410","4,419","5,271","4,438","4,500","3,798","3,983","5,238","5,245","4,381"
6 ,"1,854","1,234",990,929,"1,150","1,540","2,224","2,297","2,812","3,250","3,284","4,225","4,922","4,932","5,920","6,083","6,614","5,468","4,843","4,273","5,733","6,070","4,951","4,590"
5 ,"1,668","1,215",943,836,"1,040","1,769","3,045","3,113","3,079","3,240","3,994","3,510","2,901","3,023","4,141","3,917","3,316","4,453","4,542","3,154","3,530","3,625","2,930","2,438"
4 ,"1,711","1,231",925,779,"1,065","2,098","3,567","4,185","4,529","4,674","5,101","5,722","4,805","5,086","4,370","4,568","4,635","5,027","4,902","3,334","3,323","3,367","2,767","2,179"
3 ,"1,412","1,071",955,901,"1,134","2,077","3,599","3,958","4,886","5,569","5,892","6,037","5,188","4,826","4,546","4,347","4,521","4,756","4,458","3,244","3,479","3,306","2,770","2,286"
2 ,"1,325",843,639,649,"1,131","2,843","3,959","3,787","4,207","4,689","4,735","4,544","4,415","4,755","4,423","3,901","3,934","3,991","4,470","3,222","3,421","3,197","2,447","1,928"
1 ,"1,248",814,654,648,"1,094","2,633","3,994","3,761","2,658","2,575","2,762","2,729","2,546","2,581","2,755","2,842","3,228","3,153","3,084","2,589","3,227","3,257","2,894","2,151"
7 ,"1,793","1,272","1,036","1,017","1,815","3,464","3,654","3,677","2,449","2,015","2,872","3,304","3,595","2,855","2,843","2,711","3,225","3,328","3,260","2,438","2,754","2,858","2,494","1,903"
6 ,"1,256",889,571,637,903,"1,782","3,113","3,602","3,847","3,929","4,008","3,952","3,940","3,863","4,097","4,014","4,268","4,795","4,945","3,330","3,464","3,592","3,160","2,423"
5 ,"1,420","1,097",859,832,"1,028","2,055","3,733","4,170","5,029","4,925","4,918","4,949","4,966","4,743","4,247","3,513","3,447","3,429","3,871","2,979","2,934","2,843","2,234","1,746"
4 ,"1,270",831,754,638,932,"1,797","3,260","3,853","4,422","4,465","4,607","4,543","3,805","3,905","3,997","4,056","4,099","4,642","4,832","3,141","3,262","2,957","2,475","1,964"
3 ,"1,233",837,771,618,962,"1,954","3,312","3,807","4,297","4,499","4,519","4,159","4,013","3,881","3,652","3,564","3,564","3,639","3,914","2,895","2,833","2,599","2,169","1,840"
2 ,"1,451",844,622,651,"1,253","2,819","2,698","3,917","5,965","5,658","4,782","5,314","4,827","3,959","4,239","3,902","3,717","3,590","3,633","2,925","2,935","2,653","2,034","1,563"
1 ,"1,714","1,146",901,"1,011","1,778","3,660","5,311","4,577","4,622","4,126","3,844","3,901","3,293","3,469","3,727","3,882","3,974","3,710","3,763","2,940","2,944","3,225","2,813","2,266"
7 ,"2,485","1,607","1,259","1,374","2,370","4,231","6,267","5,367","4,731","5,245","5,014","4,717","4,678","5,017","4,469","4,545","4,451","2,888","4,102","3,051","3,515","3,658","3,168","2,517"
6 ,"1,459",967,875,823,899,"1,629","3,115","4,004","4,339","5,104","5,160","5,324","4,350","4,828","4,609","5,121","5,212","6,138","5,873","4,158","4,062","4,759","4,350","3,140"
5 ,"1,243",880,776,570,846,"1,830","3,522","4,142","4,910","5,202","4,640","4,320","3,787","3,953","3,955","4,190","4,509","4,396","4,060","3,222","3,204","2,992","2,423","1,924"
4 ,"1,419","1,029",861,778,"1,037","1,921","3,212","4,254","5,262","5,429","4,784","4,757","4,775","4,922","4,300","4,350","4,420","4,490","4,478","3,060","2,831","2,722","2,181","1,733"
3 ,"1,272",824,712,652,860,"1,477","2,866","3,480","4,564","4,767","5,249","5,382","4,944","4,618","4,135","4,033","4,378","4,272","4,329","3,093","3,072","3,007","2,444","2,013"
2 ,"1,565","1,010",743,737,"1,335","3,085","4,648","4,667","4,829","4,740","4,865","4,877","4,503","4,153","4,406","3,820","3,901","3,796","3,394","2,156","2,805","2,500","2,063","1,689"
1 ,"1,663",858,635,581,852,"2,008","3,474","3,460","3,549","3,722","4,232","4,201","3,873","3,931","4,268","4,313","4,514","4,561","4,276","3,598","3,461","4,494","3,639","2,775"
7 ,"1,792","1,300",842,836,"1,239","2,494","4,021","4,224","5,021","4,990","4,589","4,637","4,026","5,223","4,340","4,273","4,503","4,671","3,844","3,215","3,010","2,914","2,214","1,982"
6 ,"1,253",974,774,701,840,"1,586","2,608","3,238","3,560","4,021","4,553","4,784","4,933","4,724","4,878","4,595","4,904","5,222","6,181","4,466","3,650","4,008","3,162","2,529"
5 ,"1,411",937,731,671,784,"1,488","2,548","3,246","4,451","4,797","4,540","4,811","4,217","3,653","4,209","3,809","3,485","3,163","3,064","2,264","2,841","2,623","2,143","1,694"
4 ,"1,281",935,765,698,944,"1,754","3,066","3,998","4,524","5,002","5,045","4,998","5,015","4,343","4,349","4,143","4,173","4,424","4,283","2,837","2,861","2,625","2,105","1,668"
3 ,"1,224",955,795,703,844,"1,331","2,312","3,114","2,994","3,315","3,364","3,559","4,074","3,350","3,167","3,508","3,816","3,992","4,077","2,698","2,837","2,482","2,266","1,705"
2 ,"1,691",977,816,861,"1,177","2,406","3,162","2,963","3,277","3,346","3,866","3,148","2,587","3,083","2,810","3,424","3,866","4,037","4,258","2,804","2,932","2,683","2,082","1,649"
1 ,"1,540",963,706,624,770,"1,365","2,080","2,335","2,728","3,065","3,733","3,781","3,636","3,704","3,829","4,316","4,769","4,185","4,148","3,541","3,801","3,729","3,142","2,655"
7 ,"1,652",971,907,865,"1,395","2,519","3,952","4,306","4,946","4,872","4,178","4,928","4,587","3,847","3,718","3,727","4,702","4,590","4,090","3,395","3,377","3,467","2,951","2,479"
6 ,974,736,595,554,554,809,"1,368","2,101","2,165","2,160","3,149","4,015","3,538","3,544","3,621","4,016","4,633","5,196","5,714","3,868","3,600","3,184","2,611","1,997"
5 ,"1,432","1,033",721,560,745,"1,360","2,642","3,726","3,764","3,975","4,490","4,221","3,702","3,785","3,675","3,707","3,829","4,149","4,160","2,456","2,358","2,350","1,639","1,294"
4 ,"1,469","1,007",762,696,925,"1,668","3,125","3,987","4,626","5,163","5,089","5,184","4,889","4,444","4,253","4,179","4,219","4,740","4,542","3,605","3,211","2,693","2,481","1,932"
3 ,"1,392","1,050",785,691,"1,009","1,821","3,262","4,431","4,383","3,703","4,002","3,925","4,021","4,223","3,940","3,905","3,853","4,365","4,204","3,218","3,093","3,101","2,468",168
2 ,"1,469",969,747,731,"1,325","3,029","3,922","4,795","4,914","5,158","5,624","5,070","5,059","4,683","4,328","4,202","4,515","4,899","4,498","3,249","3,067","2,993","2,318",148
1 ,"1,576",939,724,623,705,"1,154","1,968","2,370","2,795","3,178","3,619","3,677","3,461","3,464","3,666","4,031","3,914","4,012","3,846","3,573","3,748","3,925","3,652",262
7 ,"1,952","1,424","1,009",910,"1,247","2,123","3,595","4,246","4,850","5,097","4,583","4,710","4,226","3,992","3,905","4,243","4,405","4,383","4,046","3,359","2,921","3,093","2,803",200
6 ,"1,440","1,130",830,804,"1,059","1,850","2,632","3,466","4,719","5,134","5,447","5,539","5,128","5,025","4,887","5,039","5,178","5,646","6,163","5,127","4,655","4,495","3,643",263
5 ,"1,308",833,643,647,"1,006","2,231","3,720","4,183","5,237","5,597","5,713","5,685","5,340","4,819","4,548","4,432","4,278","4,672","4,452","3,383","3,356","3,146","2,598",186
4 ,"1,845","1,261","1,054",966,"1,135","2,041","3,254","3,794","4,194","4,315","4,740","4,475","3,730","3,383","3,326","3,267","3,430","3,406","2,991","2,719","2,793","2,978","2,658",162
3 ,"1,372",939,844,807,"1,018","1,924","3,298","4,103","4,622","5,000","5,119","4,839","5,017","4,650","4,737","4,715","4,775","5,298","5,619","4,475","3,996","3,979","3,349",205
2 ,"1,598",977,715,754,"1,277","3,056","4,145","4,652","4,583","5,287","5,665","5,240","5,265","4,514","4,310","4,298","4,374","4,423","4,270","3,317","3,169","3,025","2,413",159
1 ,"1,462",980,731,652,769,"1,317","2,192","2,601","3,065","3,380","3,538","3,750","3,454","3,488","3,746","4,048","3,939","3,747","3,668","3,516","3,406","3,766","3,070",230
7 ,"2,099","1,494","1,137",960,"1,337","2,348","3,851","4,482","4,700","4,916","4,139","3,887","4,731","4,059","3,546","3,776","4,088","4,326","3,683","3,352","3,044","3,123","2,828",221
6 ,"1,442","1,064",787,761,965,"1,812","3,067","3,990","4,450","4,860","5,357","5,548","5,157","5,120","5,091","4,962","5,091","5,568","5,633","4,719","4,674","4,835","3,972",285
5 ,"1,457",934,791,713,977,"1,867","3,160","3,978","4,535","5,038","5,445","5,327","4,924","4,579","4,522","4,059","4,071","4,574","4,398","3,525","3,285","3,026","2,464",178
4 ,"1,201",810,680,552,794,"1,668","2,910","3,973","4,402","5,122","5,307","5,316","4,790","4,857","4,375","4,175","4,297","4,476","4,334","3,477","3,111","3,029","2,418",210
3 ,"1,332",959,740,734,989,"1,887","3,378","4,201","4,606","5,198","4,818","4,959","5,288","4,563","4,515","4,326","4,332","4,349","4,238","3,212","2,720","2,658","2,131",130
2 ,"1,665","1,008",813,790,"1,291","2,946","4,067","3,848","4,276","4,553","4,522","4,433","5,084","4,812","4,247","4,103","3,912","4,213","4,042","3,366","3,106","2,962","2,455",155
1 ,"1,630","1,024",751,677,886,"1,437","2,224","2,357","2,652","3,040","3,520","3,706","3,450","3,689","3,800","3,937","4,071","3,769","3,414","3,530","3,386","3,896","3,442",237
7 ,"2,177","1,484","1,174","1,067","1,654","2,995","4,331","3,845","2,519","3,911","5,001","3,876","4,058","3,706","4,095","4,070","3,942","3,789","3,660","3,184","2,947","3,034","2,857",199
6 ,"1,793","1,218",912,918,"1,228","2,475","3,823","4,533","5,101","5,273","5,418","5,768","5,491","5,445","5,284","4,984","5,115","5,288","5,822","5,010","4,574","4,589","3,794",276
5 ,"1,802","1,285",954,925,"1,426","2,880","4,297","4,989","5,513","5,307","5,166","5,607","5,909","5,907","4,667","4,504","4,579","4,669","4,332","3,692","3,455","3,422","2,906",225
4 ,"2,037","1,428","1,064","1,013","1,609","2,950","4,250","4,867","5,688","6,304","6,369","6,135","6,011","5,802","5,553","4,909","4,360","5,099","4,586","3,874","3,654","3,661","3,164",249
3 ,"1,496","1,127",840,791,"1,115","2,049","3,529","4,435","4,845","4,897","4,913","4,412","4,612","4,584","4,328","4,379","4,474","4,951","4,703","3,986","3,965","4,044","3,404",233
2 ,"1,714","1,054",830,819,"1,446","3,077","4,503","4,829","5,399","5,552","5,355","5,246","5,673","5,399","4,730","4,363","4,192","4,461","4,326","3,361","2,769","3,479","2,767",160
1 ,"1,456","1,023",748,717,753,"1,687","2,457","3,010","3,194","3,475","3,873","3,973","3,607","3,472","3,951","3,983","3,992","3,608","3,509","3,506","3,196","3,497","3,319",268
7 ,"2,517","1,709","1,279","1,131","1,700","3,275","4,704","3,765","4,169","4,160","4,449","4,648","4,291","3,298","2,983","3,490","3,854","3,783","3,608","3,287","2,761","3,110","2,780",184
6 ,"1,549","1,087",842,771,"1,039","1,875","2,949","3,733","4,237","4,723","4,817","5,252","5,219","4,611","4,929","5,032","4,581","6,101","5,502","4,474","4,724","4,882","4,369",278
5 ,"1,421","1,067",809,707,971,"1,845","3,108","4,032","4,620","5,101","5,435","4,999","5,029","4,713","4,502","4,287","4,441","4,836","4,520","3,600","3,461","3,210","2,703",180
4 ,"1,439","1,028",764,757,"1,031","1,820","3,172","3,711","4,668","4,809","5,018","4,931","4,622","4,439","4,282","4,178","4,102","4,504","4,332","3,378","3,162","3,070","2,413",173
3 ,"1,351",939,814,736,993,"1,794","2,966","3,904","4,548","5,187","5,186","5,328","4,952","4,435","4,159","4,125","3,751","4,357","4,235","3,300","3,166","3,008","2,471",153
2 ,"1,560",940,702,741,"1,352","3,144","4,590","4,418","4,678","5,115","5,280","5,196","4,806","4,589","4,001","4,089","4,097","4,362","4,102","3,495","3,198","3,063","2,403",165
1 ,"1,502",956,683,603,729,"1,235","2,021","2,283","2,770","3,021","3,399","3,539","3,269","3,185","2,760","3,965","3,650","3,504","3,409","3,619","3,619","4,068","3,489","2,797"
7 ,"2,092","1,418",976,964,"1,276","2,135","3,768","4,119","4,481","4,481","4,267","5,102","4,297","3,574","3,900","3,871","4,469","4,312","3,792","3,342","3,181","3,214","2,844","2,335"
6 ,"1,375",992,722,699,942,"1,702","2,668","3,791","4,432","4,909","4,739","4,775","5,560","4,857","4,839","4,653","4,882","5,872","5,838","5,109","4,631","4,564","3,760","2,930"
5 ,"1,423",959,736,636,879,"1,673","2,757","3,665","4,570","5,200","5,389","4,969","4,824","4,408","3,814","3,964","4,173","4,551","4,250","3,367","3,195","3,121","2,499","1,964"
4 ,"1,368",957,868,663,952,"1,641","2,633","3,591","4,365","4,855","5,279","5,094","5,030","4,444","4,025","3,894","4,046","4,541","4,372","3,367","3,083","3,006","2,419","2,004"
3 ,"1,358",990,828,657,998,"1,755","2,885","3,726","4,454","4,937","5,232","4,856","4,540","4,407","3,924","3,993","4,118","4,302","4,215","3,395","3,080","2,877","2,435","1,956"
2 ,"1,487",890,683,760,"1,282","2,679","3,270","4,012","4,677","5,002","5,479","4,937","4,618","4,594","3,941","3,777","3,865","4,346","4,099","3,368","3,036","2,943","2,345","1,843"
1 ,"1,422",893,670,548,666,"1,129","1,669","1,951","2,587","2,998","3,422","3,499","3,291","3,237","3,484","3,842","3,727","3,671","3,205","3,268","3,519","3,988","3,574","2,843"
7 ,"2,108","1,371","1,036",839,"1,140","2,058","3,569","4,123","4,477","4,488","4,583","4,938","4,415","4,098","4,213","3,726","4,473","4,317","3,704","3,237","3,059","3,333","2,869","2,351"
6 ,"1,408","1,029",759,703,881,"1,761","3,023","3,628","4,006","4,533","4,544","5,076","4,320","5,170","4,849","4,765","4,998","5,541","5,642","5,085","4,808","4,392","3,883","2,885"
5 ,"1,355",922,673,642,846,"1,594","2,854","3,571","4,539","4,578","4,899","5,065","4,770","4,495","3,933","3,771","4,037","4,233","4,277","3,283","3,098","3,039","2,451","1,874"
4 ,"1,224",890,692,576,708,"1,653","3,159","3,620","3,980","4,802","5,225","5,072","4,201","4,457","3,957","4,394","4,496","4,240","4,229","3,183","2,997","2,874","2,258","1,846"
3 ,"1,069",802,691,589,775,"1,764","3,275","4,041","4,149","4,268","5,071","4,622","4,229","3,941","3,907","3,899","4,027","4,332","3,499","3,739","2,795","2,663","2,195","1,716"
2 ,"1,603",861,647,657,"1,188","2,896","4,231","3,570","3,712","4,171","3,821","3,610","3,601","3,104","2,936","2,927","3,607","4,062","3,918","2,941","2,466","2,373","1,849","1,402"
1 ,"1,512",922,672,562,655,"1,190","2,026","2,386","2,728","3,154","3,466","3,608","3,365","3,464","3,619","3,847","3,921","3,771","3,539","3,541","3,373","3,898","3,470","2,678"
7 ,"1,962","1,317",877,853,"1,110","2,034","3,681","4,240","5,093","4,898","4,576","4,411","4,814","4,773","4,009","3,449","4,772","4,666","3,896","3,553","3,151","3,144","2,835","2,379"
6 ,"1,306","1,025",688,662,913,"1,771","3,204","3,937","4,019","4,446","5,243","5,361","4,739","4,908","4,871","4,924","5,408","5,983","6,364","5,011","4,090","4,584","3,604","2,753"
5 ,"1,338",981,700,667,845,"1,753","3,041","3,736","4,074","4,707","5,268","5,362","4,671","4,231","4,248","4,108","4,217","4,402","4,477","3,412","3,016","2,641","2,321","1,810"
4 ,"1,184",937,689,599,865,"1,697","2,809","3,576","4,290","5,073","4,482","5,085","4,733","4,372","4,055","3,965","3,929","4,337","4,189","3,240","2,999","2,860","2,275","1,759"
3 ,"1,124",817,688,558,772,"1,555","2,754","3,401","4,178","4,556","4,796","4,822","4,572","4,197","4,056","3,931","4,001","4,160","4,149","3,294","2,997","2,693","2,073","1,763"
2 ,"1,072",598,512,512,928,"1,038","1,540","1,735","3,678","3,758","4,415","4,128","3,709","3,887","3,932","3,577","2,677","2,735","3,443","2,486","2,596","2,183","1,853","1,324"
7 ,"2,003","1,302",980,807,"1,063","1,698","2,868","3,282","4,072","4,366","3,991","4,615","3,856","3,794","4,184","4,459","4,409","4,234","3,406","3,181","2,886","2,972","2,443","1,923"
6 ,"1,366",942,712,637,804,"1,594","2,846","3,608","4,309","4,420","4,701","4,732","4,996","4,565","4,640","4,779","4,963","5,639","5,864","5,042","4,497","4,436","3,534","2,608"
5 ,"1,031",805,840,615,839,"1,630","2,937","4,016","4,338","4,566","4,989","4,749","4,370","3,814","4,148","4,133","4,188","3,455","3,586","3,032","3,006","3,033","2,229","1,844"
4 ,"1,174",830,601,534,705,"1,362","1,860","2,868","3,550","3,628","4,446","4,525","4,311","4,135","4,083","3,919","3,889","4,453","4,364","3,358","3,055","2,497","2,103",163
3 ,"1,370",968,774,700,905,"1,566","2,900","3,567","2,988","2,403","2,711","2,844","2,311","1,950","2,742","2,887","3,141","3,889","3,513","2,623","2,722","2,447","1,883",118
2 ,"1,531",923,722,733,"1,327","3,006","4,098","4,253","4,695","5,049","5,093","5,310","4,726","4,377","4,093","4,131","4,094","4,393","4,422","3,615","3,321","3,022","2,400",148
1 ,"1,281",784,740,689,684,"1,199","1,932","2,143","2,612","3,154","3,586","3,814","3,543","3,437","3,601","3,516","3,865","3,701","3,522","3,584","3,653","3,473","3,114",187
7 ,"2,141","1,501","1,041",917,"1,236","2,433","4,018","3,860","4,813","5,042","4,718","4,491","4,952","4,454","3,648","3,991","4,187","4,352","4,399","3,597","3,264","3,316","2,955",150
6 ,"1,375","1,002",760,675,920,"1,686","2,842","3,619","4,699","5,198","5,223","5,410","5,269","5,006","4,613","4,780","5,184","6,222","6,070","5,136","4,645","4,031","3,637",278
5 ,"1,383",941,722,651,873,"1,827","3,184","4,036","4,313","4,735","5,152","5,505","4,946","4,704","4,264","4,283","4,252","4,634","4,326","3,252","3,250","2,904","2,530",153
4 ,"1,394",876,744,704,862,"1,606","2,990","3,693","4,414","5,043","4,722","4,777","4,880","4,597","3,985","4,075","4,167","4,472","4,265","3,247","3,170","2,863","2,450",164
3 ,"1,452",891,700,663,919,"1,869","3,207","3,952","5,024","4,690","4,805","5,428","4,413","4,019","4,105","4,043","4,230","4,557","4,284","3,308","3,055","2,774","2,299",171
2 ,"1,508",894,648,646,"1,175","2,945","4,271","4,359","4,861","5,592","5,387","4,983","3,935","4,181","4,221","4,103","4,151","4,203","4,295","3,420","3,213","2,717","1,879",131
1 ,"1,477",945,733,593,686,"1,134","1,977","2,290","2,729","2,997","3,449","3,610","3,332","3,358","3,688","3,940","4,064","3,897","3,500","3,628","3,283","3,272","2,991",194
7 ,"2,052","1,314",980,900,"1,241","2,335","3,716","4,942","4,863","4,938","4,496","5,061","4,996","4,712","4,088","4,336","4,354","4,340","3,592","3,468","3,084","3,245","2,772",192
6 ,"1,282",985,905,753,939,"1,823","3,089","4,034","4,676","5,047","4,893","5,498","5,098","4,696","4,558","4,496","5,024","5,835","5,967","5,047","4,854","4,751","3,554",259
5 ,"1,237",790,633,601,929,"2,232","3,908","4,455","4,496","4,971","4,810","5,227","5,316","4,600","4,361","4,180","4,157","4,430","4,258","3,384","3,036","2,951","2,404",169
4 ,"1,643","1,151",850,715,980,"1,514","2,559","3,441","3,640","4,020","4,283","4,061","3,545","3,341","3,294","3,349","3,519","3,305","3,079","2,762","2,662","2,694","2,439",189
3 ,"1,357",901,746,703,875,"1,697","3,113","3,717","4,591","5,045","5,313","4,857","4,671","4,408","4,305","4,130","4,569","4,649","5,081","4,162","3,605","3,498","2,817",199
2 ,"1,521",957,746,735,"1,316","3,120","4,351","4,862","5,116","5,204","4,853","5,167","4,455","4,350","4,392","4,218","4,493","4,509","4,252","3,345","2,741","2,754","2,283",138
1 ,"1,318",987,656,590,641,"1,131","2,123","2,323","2,652","2,970","3,491","3,613","3,333","3,182","3,742","3,888","3,979","3,997","3,575","3,506","3,572","3,967","3,390",215
7 ,"1,944","1,367",973,948,"1,235","2,103","3,675","4,311","4,484","4,447","4,497","4,994","4,414","3,983","4,043","4,313","4,396","4,702","4,204","3,415","3,024","3,204","2,649",176
6 ,"1,217","1,026",766,758,965,"1,785","3,182","3,672","4,262","4,781","5,131","4,991","4,957","4,872","4,762","4,603","5,196","5,684","5,967","4,468","4,369","4,470","3,649",277
5 ,"1,151",770,607,564,889,"2,069","3,476","3,859","4,010","4,736","5,054","5,252","5,066","4,385","4,143","3,835","3,999","4,241","4,232","3,440","2,918","2,592","2,064",119
4 ,"1,758","1,226",945,886,"1,177","2,218","3,486","3,661","3,648","4,033","4,069","3,950","3,497","3,071","2,869","2,959","2,875","3,060","2,795","2,702","2,384","2,841","2,369",164
3 ,"1,240",928,791,717,995,"1,946","3,297","4,049","4,721","5,170","5,219","5,224","5,183","4,750","4,286","4,544","4,508","4,780","5,173","4,278","3,695","3,870","3,119",207
2 ,"1,494",919,760,748,"1,362","3,103","4,345","4,541","4,809","5,206","5,556","5,469","4,986","4,531","4,068","3,987","4,395","4,543","4,287","3,331","3,086","2,550","2,033",151
1 ,"1,521",927,680,577,744,"1,305","2,226","2,520","2,949","3,380","3,867","3,801","3,524","3,337","3,541","3,699","3,774","3,745","3,623","3,598","3,568","3,984","3,676",231
7 ,"1,698","1,182",870,782,"1,103","2,456","4,061","4,440","4,912","4,828","4,939","5,201","5,112","4,416","3,946","4,128","3,728","4,695","3,895","3,567","3,182","3,118","2,922",202
6 ,"1,523",993,733,645,939,"1,749","2,913","3,819","4,204","5,418","5,195","5,279","4,950","4,808","4,823","4,748","4,947","6,043","5,614","4,530","4,362","3,676","3,051",232
5 ,"1,190",785,538,320,425,"1,600","3,343","3,931","4,267","4,995","5,182","5,366","4,968","4,374","4,137","3,988","4,267","4,328","4,203","3,237","3,066","2,864","2,343",122
4 ,"1,459","1,023",883,657,850,"1,502","2,628","3,328","3,859","4,494","4,738","4,610","4,429","4,326","3,979","3,851","3,840","4,100","4,039","3,140","2,719","2,541","2,095",163
3 ,"1,319",966,819,652,971,"1,866","3,521","4,121","4,462","5,063","5,050","5,762","4,852","4,549","4,374","4,239","4,284","4,428","4,323","3,043","2,917","2,884","2,516",173
2 ,"1,660",979,713,714,"1,339","2,774","3,707","4,072","4,914","6,105","5,600","5,510","5,255","4,499","4,641","4,072","4,345","4,428","4,260","3,400","3,111","2,943","2,521",207
1 ,"1,557",951,693,601,712,"1,288","2,138","2,444","2,915","3,198","3,618","3,346","3,151","3,199","3,897","4,075","4,239","3,977","3,824","3,769","3,418","3,673","3,715",247
7 ,"2,026","1,418","1,014",951,"1,246","2,384","4,041","4,582","4,905","5,169","4,642","5,053","4,733","3,960","4,132","4,227","4,386","4,498","4,027","3,496","3,227","3,268","2,951",212
6 ,"1,479",960,821,754,916,"1,811","3,235","4,277","4,758","5,506","5,056","5,364","5,550","4,938","4,850","5,418","5,360","5,618","5,853","4,918","4,180","3,579","3,463",257
5 ,"1,528",897,809,690,"1,003","1,901","3,449","4,404","5,368","5,743","5,792","5,748","5,210","4,569","4,306","4,212","4,478","4,613","4,319","3,396","3,106","2,839","2,438",156
4 ,"1,237",796,682,638,"1,013","2,036","3,488","4,442","5,156","5,701","5,860","5,733","5,155","4,792","4,269","4,113","4,113","4,574","4,214","3,407","3,041","2,847","2,311","1,840"
3 ,"1,720","1,090",847,747,"1,054","1,870","3,165","3,425","3,492","3,591","3,916","3,680","3,379","3,120","3,292","3,489","3,561","3,240","2,692","2,477","2,634","2,882","2,430","1,728"
2 ,"1,532",960,745,759,"1,235","2,881","4,280","4,835","5,314","4,972","5,037","5,723","5,113","4,660","4,489","4,500","4,734","5,065","4,840","4,177","3,286","3,460","3,081","2,227"
1 ,"1,684","1,039",706,685,802,"1,604","2,942","3,630","3,840","3,968","4,429","4,257","3,937","3,672","3,520","4,212","4,254","3,823","3,654","3,524","3,523","3,950","3,642","2,557"
7 ,"2,243","1,540","1,111","1,019","1,548","3,008","4,686","4,858","4,845","4,935","4,835","4,851","4,636","4,448","4,743","5,024","4,055","4,619","3,894","3,608","3,363","3,466","3,200","2,552"
6 ,"1,307",92,-,-,-,-,-,-,-,"3,897","4,084","4,112","3,895","3,552","2,755","3,241","2,836","3,150","3,626","4,306","4,988","4,885","3,838","2,946"
5 ,"1,223",859,664,500,737,"1,256","2,027","2,324","2,987","3,049","3,798","4,364","3,973","3,856","3,888","3,952","3,940","4,056","4,185","2,842","2,678","2,444","1,991",137
4 ,138,-,-,-,-,"1,231","3,007","3,906","4,574","4,933","5,065","4,848","4,244","3,415","3,195","3,952","3,643","3,820","4,108","2,445","2,751","2,464","2,129",162
2 ,"1,516",940,661,747,"1,367","3,000","4,207","3,975","4,366","4,670","5,613","5,351","4,861","4,777","4,219","4,024","4,043","4,368","4,385","3,484","3,106","2,922","2,313",155
1 ,"1,436",975,700,604,707,"1,051","1,784","2,092","2,529","2,920","3,177","3,589","3,027","3,219","3,605","3,947","3,763","3,651","3,489","3,665","3,581","3,828","3,263",196
7 ,"1,904","1,293",979,851,"1,142","1,966","3,660","4,006","3,816","3,721","3,467","3,381","2,987","3,181","3,404","3,100","3,063","3,072","3,086","2,353","2,862","2,913","2,394",141
6 ,"1,533",977,806,736,928,"1,774","2,965","3,915","4,330","5,147","4,931","5,331","5,243","5,212","5,094","5,168","5,450","4,747","5,119","4,313","3,527","3,990","2,788",206
5 ,"1,400",20,354,739,899,"1,719","3,212","3,908","5,195","5,672","5,692","5,696","5,172","4,656","4,442","4,272","4,153","4,542","4,367","3,406","2,964","2,766","2,287",147
4 ,"1,508","1,035",819,724,939,"1,843","3,406","4,378","5,152","5,649","5,618","5,635","5,142","4,360","3,902","4,532","4,174","4,532","4,506","3,599","3,200","2,960",212,932
3 ,"1,584","1,008",747,718,"1,124","2,683","4,497","4,909","5,136","5,638","5,485","5,954","5,171","3,908","4,904","4,006","4,088","4,599","4,201","3,305","3,168","3,021","2,357",138
2 ,"1,506",982,750,674,"1,115","2,248","3,369","3,421","3,430","4,253","5,030","5,188","5,128","4,589","4,923","4,662","4,960","4,447","4,070","4,010","3,810","4,047","3,518",177
1 ,"1,616","1,103",707,632,743,"1,020","2,153","2,860","2,798","2,752","3,260","2,769","2,875","2,982","3,139","3,944","4,086","4,345","3,523","3,214","3,165","3,676","3,136",173
7 ,"3,945","1,919","1,641","1,682","2,534","5,143","6,817","4,699","4,944","4,376","4,373","4,287","4,647","3,963","4,386","4,244","4,261","4,130","4,482","4,597","2,701","3,095","2,986",162
6 ,"1,366","1,046",876,743,"1,038","1,893","3,442","4,445","5,135","5,264","5,343","5,894","5,900","5,549","5,446","5,597","6,063","6,516","6,431","6,038","5,495","5,286","4,883",290
5 ,"1,225",910,766,744,966,"1,948","3,472","4,313","4,796","5,706","6,076","5,425","4,792","4,749","4,523","4,065","4,332","4,620","4,584","3,475","3,260","2,984","2,519",174
4 ,"1,221",787,665,684,"1,131","1,988","2,571","3,246","3,968","4,893","4,997","4,514","3,887","4,245","3,793","2,315","3,185","3,791","4,125","2,223","2,712","2,626","2,157",148
3 ,"1,452","1,175",819,771,924,"1,485","2,677","3,693","4,302","4,806","5,048","4,455","3,935","3,543","3,631","3,624","3,604","3,540","3,345","2,840","2,615","2,696","2,401",148
2 ,"1,478",915,738,716,"1,159","2,708","4,357","4,682","4,686","5,129","5,428","4,709","4,359","4,873","4,355","4,209","4,254","4,640","4,967","3,803","3,761","3,336","2,665",168
1 ,"1,486","1,002",681,553,756,"1,396","2,535","3,192","3,790","4,122","4,872","4,327","4,106","3,686","4,090","3,968","4,054","3,881","3,890","3,367","3,637","3,765","3,335",219
7 ,"2,222","1,412","1,039",999,"1,326","2,431","4,044","4,138","4,789","5,252","4,986","4,611","5,281","5,037","4,432","4,609","4,504","4,504","3,900","3,643","3,392","3,464","2,939",197
6 ,"1,426",998,767,743,952,"1,796","3,358","4,011","4,954","3,679","5,513","5,124","4,971","5,253","4,596","4,868","5,058","5,758","5,818","4,757","4,978","4,668","3,639",222
5 ,"1,435","1,076",745,648,902,"1,807","3,419","4,312","5,071","5,725","5,828","5,525","5,039","4,726","4,516","4,201","4,235","4,525","4,190","3,281","3,181","2,985","2,440",202
4 ,"1,309",987,777,696,980,"1,851","3,463","4,394","5,158","3,663","4,632","4,813","4,833","4,852","4,324","3,858","4,141","4,147","4,357","3,323","3,077","2,852","2,446",148
3 ,"1,430",997,762,652,872,"1,623","3,288","4,147","4,500","4,901","5,196","4,675","4,670","4,330","4,097","4,288","4,329","4,555","4,320","3,154","2,962","2,779","2,281",119
2 ,"1,455",902,752,771,"1,063","2,387","3,835","4,095","4,168","4,204","4,246","4,291","3,986","3,820","3,768","3,733","3,891","3,973","3,779","2,350","2,900","2,563","2,047",103
1 ,"1,353",985,681,553,709,"1,319","2,372","2,815","2,960","3,239","3,172","4,147","3,332","3,456","3,896","4,427","4,132","3,767","3,733","3,131","3,229","3,903","3,110",200
7 ,"1,987","1,402","1,028",907,"1,221","2,366","4,240","4,987","5,209","5,025","4,654","4,868","5,218","4,639","3,861","4,534","4,910","4,684","4,188","3,360","3,210","3,390","2,785",175
6 ,"1,361","1,030",760,709,897,"1,826","3,372","4,360","4,522","5,377","5,155","5,692","5,334","4,771","4,424","5,239","4,734","5,418","6,263","4,783","4,562","4,508","3,723",222
5 ,"1,344",981,668,684,958,"1,784","3,424","4,450","5,083","5,663","6,023","5,855","4,728","4,609","4,394","4,247","3,933","4,643","4,322","3,088","2,713","2,851","2,382",152
4 ,848,627,757,686,854,"1,693","3,275","4,207","4,614","6,255","5,797","5,407","5,071","4,650","4,402","4,285","4,422","4,440","4,354","3,173","2,999","2,943","2,333",147
3 ,"1,257",962,779,729,973,"1,840","3,518","4,457","4,948","5,634","5,496","5,515","5,308","4,521","4,188","4,090","4,017","4,324","4,229","3,196","3,086","2,817","2,273",152
2 ,"1,517",907,697,758,"1,315","3,091","4,553","4,887","5,282","5,497","5,413","5,415","5,115","4,550","4,156","4,144","4,059","4,409","4,206","3,364","3,243","2,988","2,364",155
1 ,"1,341",863,660,595,787,"1,491","2,654","3,191","3,433","3,800","4,327","3,997","3,741","3,486","4,025","4,025","3,979","4,315","4,009","3,490","3,834","4,151","3,585",220
7 ,"1,901","1,392",944,866,"1,201","1,912","3,417","3,232","3,274","3,525","3,323","3,375","4,090","3,386","3,365","4,148","4,539","4,839","4,305","3,203","2,995","3,054","2,642",172
6 ,"1,308",936,694,622,892,"1,713","3,177","4,052","4,944","4,739","5,224","5,423","5,358","4,756","4,741","5,434","5,586","6,012","6,661","4,574","3,933","4,025","3,114",196
5 ,"1,409",965,762,665,905,"1,709","3,305","4,344","5,225","5,836","5,003","5,496","5,186","4,642","4,120","4,047","4,108","4,278","4,320","3,182","3,249","2,926","2,486",151
4 ,"1,261",945,722,641,803,"1,496","3,070","3,885","4,678","5,379","5,556","5,279","5,096","4,685","4,235","4,153","4,068","4,263","4,216","3,061","2,938","2,868","2,301",152
2 ,"1,245",750,467,504,"1,014","2,532","3,926","3,844","3,937","3,878","4,188","4,701","4,092","3,585","3,570","3,417","3,346","3,590","3,671","2,866","2,785","2,644","2,132","1,660"
4 ,"1,021",690,488,482,617,"1,149","2,548","3,425","3,662","3,369","4,089","3,998","3,733","3,421","3,360","2,986","3,031","3,054","2,945","1,897","2,192","2,221","1,827","1,454"
3 ,"1,034",725,536,480,701,"1,543","2,804","3,663","4,142","4,483","4,440","4,253","4,008","3,693","3,506","3,291","3,401","3,803","3,431","2,530","2,425","2,298","1,741","1,395"
2 ,"1,382",947,599,599,"1,106","2,376","3,287","3,539","3,859","3,919","4,115","3,979","3,636","3,432","3,473","3,405","3,394","3,606","3,639","2,565","2,576","2,411","1,812","1,360"
1 ,"1,145",656,532,432,537,870,"1,739","2,171","2,453","2,799","2,996","2,987","2,633","2,722","3,022","3,440","3,494","3,494","3,046","2,598","2,894","3,228","2,823","2,100"
7 ,"1,584","1,035",739,647,859,"1,741","3,284","3,959","4,172","4,082","3,514","4,110","3,912","3,167","3,717","3,389","3,646","3,473","3,345","2,668","2,424","3,182","2,343","1,801"
6 ,974,685,524,497,659,"1,420","2,768","3,585","3,983","4,297","4,508","4,262","4,164","4,077","4,130","4,288","4,625","4,137","4,767","3,470","3,601","3,541","2,761","2,305"
5 ,"1,058",775,600,529,609,"1,017","2,017","2,726","3,170","3,119","3,444","2,848","2,602","2,420","2,304","2,419","2,716","2,905","2,672","2,180","2,421","2,209","1,764","1,372"
4 ,"1,081",719,568,513,664,"1,331","2,724","3,464","4,064","4,087","4,409","3,940","3,963","3,764","3,689","3,606","3,354","3,745","3,584","2,685","2,570","2,453","2,018","1,630"
3 ,959,708,553,504,657,"1,246","2,473","2,899","3,724","3,634","3,836","3,764","3,793","3,000","2,419","2,506","2,360","2,918","3,556","2,651","2,605","2,342","1,916","1,444"
1 ,"1,116",655,430,401,410,787,"1,586","1,864","2,359","2,938","3,237","3,271","3,002","2,719","2,925","3,053","2,663","2,317","2,844","2,773","2,885","3,197","2,969","2,055"
7 ,"1,487",978,706,567,753,"1,391","2,844","3,278","4,080","3,900","3,659","3,795","3,577","3,158","2,594","3,021","3,316","3,276","3,259","2,651","2,593","2,656","2,349","1,742"
6 ,974,688,574,488,631,"1,386","2,647","2,688","3,781","4,098","4,110","3,895","3,578","3,447","3,404","3,365","3,071","3,086","3,063","3,261","3,527","3,353","2,591","2,057"
5 ,"1,135",728,645,520,552,947,"1,966","2,931","2,840","2,976","3,609","3,968","3,575","3,243","3,155","3,036","3,124","3,259","3,296","2,465","2,529","2,326","1,813","1,360"
4 ,984,630,593,543,594,"1,206","2,546","3,145","3,627","3,830","4,210","4,112","3,635","3,062","3,160","3,030","3,071","3,283","3,350","2,485","2,423","2,240","1,922","1,669"
3 ,"1,004",715,623,544,746,"1,484","2,894","3,328","4,182","4,436","4,207","4,531","3,910","3,526","3,255","2,612","2,350","2,427","2,444","1,938","2,008","2,270","1,779","1,478"
2 ,"1,208",748,514,530,938,"1,992","3,404","4,271","4,324","4,281","4,657","4,235","4,040","3,422","3,010","3,432","3,146","3,371","3,391","2,644","2,597","2,399","1,899","1,406"
1 ,"1,121",657,481,423,420,704,"1,385","1,855","2,156","2,696","3,567","3,741","3,334","3,304","3,915","3,884","3,285","3,277","3,320","2,895","2,668","2,635","2,858","1,948"
7 ,"1,344",910,718,622,761,"1,390","2,798","3,456","4,011","4,178","4,514","4,564","3,726","3,579","3,800","3,672","3,595","3,654","3,265","2,505","2,683","2,622","2,192","1,697"
6 ,870,596,507,433,603,"1,324","2,710","3,330","3,911","3,935","4,605","4,602","4,152","3,975","4,050","3,311","3,671","3,710","4,618","3,691","3,754","3,282","2,555","1,887"
5 ,"1,325","1,024",686,548,648,"1,076","2,020","2,742","3,273","3,696","4,569","4,222","4,611","4,236","4,589","4,083","3,727","3,532","3,193","2,496","2,539","2,490","1,814","1,289"
4 ,"1,084",729,573,517,629,"1,113","2,382","3,293","3,481","3,474","3,618","3,929","3,193","2,759","2,160","3,392","3,710","4,168","4,191","3,653","3,473","3,586","2,714","1,979"
3 ,"1,069",728,617,506,660,"1,319","2,642","3,547","3,555","3,762","3,713","3,746","3,462","3,271","3,180","3,565","3,281","3,609","3,238","2,540","2,748","2,566","2,045","1,622"
2 ,"1,200",719,485,474,901,"2,352","3,850","3,611","3,905","4,650","4,935","4,760","4,239","3,707","3,585","3,157","2,990","2,746","3,487","2,931","2,919","2,850","2,034","1,551"
1 ,"1,188",738,487,388,407,714,"1,532","2,093","2,758","3,009","3,619","3,983","3,619","3,448","3,623","3,504","3,084","3,081","3,568","2,959","3,349","3,401","2,986","2,245"
7 ,"1,458",915,665,604,681,"1,194","2,076","2,253","2,410","3,019","3,370","3,620","3,643","3,474","3,449","3,699","3,514","3,815","3,746","2,878","3,007","2,889","2,292","1,804"
6 ,"1,061",628,563,493,617,"1,106","2,353","2,922","2,903","3,153","3,327","3,547","3,593","3,855","3,631","3,822","4,207","4,967","4,759","3,400","3,443","3,163","2,381","2,013"
5 ,"1,123",794,567,489,584,"1,278","2,610","3,615","4,069","4,705","5,053","5,479","4,521","3,888","3,353","2,632","2,861","2,688","2,613","2,036","2,523","2,545","2,013","1,642"
4 ,"1,070",728,645,528,564,"1,250","2,643","3,091","3,875","4,738","4,897","4,667","4,556","4,133","3,658","3,639","3,349","3,488","3,507","2,710","2,789","2,606","2,080","1,656"
3 ,"1,039",762,607,557,743,"1,452","2,527","2,480","3,064","3,134","4,012","5,276","4,238","3,866","3,384","3,243","3,335","3,734","3,535","2,749","2,804","2,631","1,952","1,481"
2 ,"1,140",713,486,497,880,"2,242","3,463","3,778","3,848","3,639","3,975","4,648","3,738","3,313","3,317","3,370","3,080","3,655","3,256","2,520","2,762","2,436","1,962","1,564"
1 ,920,530,379,335,390,518,888,"1,225","1,424","1,650","2,275","2,900","3,147","3,060","3,549","3,608","3,402","3,432","2,916","2,612","2,920","2,697","2,311","1,701"
7 ,"1,191",743,482,420,599,"1,187","1,856","2,223","2,609","3,223","4,096","4,140","3,818","3,833","3,764","3,375","2,950","3,063","2,617","2,202","2,152","1,905","1,949","1,482"
6 ,"1,635","1,307","1,099","1,393","2,565","4,635","4,991","4,360","4,311","4,812","3,366","4,480","4,561","4,125","3,616","3,917","3,591","3,845","3,235","2,989","3,428","3,014","2,660","2,063"
5 ,"4,441","5,554","4,923","5,794","5,534","4,847","4,401","4,390","4,241","4,019","4,803","4,303","4,445","3,926","3,875","3,414","3,370","3,202","3,348","3,281","3,316","3,146","2,684","2,148"
4 ,"1,827","1,233",972,913,"1,076","1,803","3,103","3,489","3,496","3,918","4,637","4,441","3,878","3,682","3,516","3,840","4,120","4,097","3,844","3,049","3,842","3,494","3,815","4,306"
3 ,"1,285",907,666,586,700,"1,207","2,405","3,155","3,369","3,989","4,844","4,674","4,708","4,441","4,296","4,433","3,913","3,793","4,223","3,371","3,669","3,810","3,412","2,687"
2 ,"1,120",679,540,492,821,"1,900","3,028","3,449","3,443","3,857","4,040","4,081","3,828","3,364","3,653","3,320","3,259","3,468","3,296","2,627","2,958","2,391","2,010","1,955"
1 ,"1,078",631,479,360,385,629,"1,295","1,771","2,259","2,691","3,037","3,097","2,765","2,633","2,983","3,166","2,876","2,433","2,193","2,443","2,906","2,454","2,761","1,817"
7 ,"1,578","1,107",820,682,774,"1,260","2,734","3,331","3,507","3,760","4,079","4,022","3,564","3,486","3,404","3,479","3,452","4,029","3,296","2,663","2,680","2,610","2,055","1,635"
6 ,"1,146",809,617,544,622,"1,088","2,319","3,193","3,530","3,638","4,032","3,961","3,808","3,829","3,971","3,637","4,193","4,887","3,951","2,745","3,243","3,181","2,768","2,070"
5 ,"1,149",790,595,524,638,"1,087","2,450","3,502","3,971","4,830","5,035","4,383","4,667","4,331","3,855","3,676","3,327","3,853","3,275","2,734","2,856","2,607","2,124","1,618"
4 ,"1,097",765,580,480,639,"1,211","2,553","3,437","3,945","4,625","4,869","5,097","4,524","4,198","4,230","4,001","3,673","3,987","3,740","2,830","2,767","2,614","2,071","1,656"
3 ,"1,004",730,608,510,615,"1,112","2,518","3,701","4,192","4,186","4,597","4,504","4,412","4,050","3,779","3,608","3,612","3,780","3,524","2,696","2,704","2,484","1,954","1,493"
2 ,"1,134",703,487,493,943,"2,240","3,892","3,624","3,943","4,518","4,485","4,847","4,607","4,263","4,004","3,700","3,677","3,826","3,547","2,698","2,882","2,625","1,930","1,451"
1 ,974,647,427,350,350,578,"1,147","1,684","2,141","2,660","3,074","3,145","3,171","3,238","3,571","3,792","3,719","3,412","2,917","2,955","2,991","3,023","2,618","1,904"
7 ,"1,459",988,630,505,620,"1,103","2,221","3,141","3,569","4,000","3,931","3,583","3,879","3,760","4,092","4,145","4,062","4,140","3,361","2,747","2,589","2,459","2,093","1,631"
6 ,"1,059",735,597,545,612,"1,057","2,280","3,022","3,395","3,831","4,221","4,398","4,206","4,141","4,465","4,328","4,650","5,124","4,841","3,827","3,993","3,718","2,661","2,028"
5 ,"1,190",801,588,454,561,"1,128","2,329","3,572","3,936","4,414","4,811","5,190","4,498","3,783","3,674","3,964","3,535","4,045","3,701","2,725","2,849","2,603","1,992","1,560"
4 ,"1,081",839,558,48,581,"1,009","2,265","3,103","3,254","4,028","4,438","4,597","3,812","3,640","3,471","3,432","3,474","3,790","3,371","2,605","2,584","2,374","1,937","1,572"
3 ,"1,135",743,556,513,642,"1,311","2,648","3,596","4,067","4,653","5,283","5,347","4,639","4,129","3,844","3,730","3,559","3,869","2,873","2,326","2,657","2,425","1,877","1,555"
2 ,"1,265",716,485,556,945,"2,474","3,831","4,277","4,317","4,055","4,801","5,034","4,537","4,144","4,373","4,155","3,947","4,182","3,920","3,188","2,899","2,600","2,083","1,578"
1 ,"1,139",674,493,400,367,652,"1,290","1,693","2,247","2,899","3,585","3,757","3,373","3,254","3,480","3,741","3,625","3,664","3,259","3,158","3,450","3,386","3,066","2,035"
7 ,"1,585",958,669,560,660,"1,163","2,201","3,033","3,856","4,180","4,613","3,669","3,168","3,981","4,204","4,386","4,126","4,220","3,553","3,051","2,940","2,660","2,192","1,783"
6 ,"1,124",813,559,505,564,"1,080","2,316","3,367","3,851","4,190","4,348","4,918","4,841","4,769","4,487","4,165","4,084","5,185","5,037","3,801","4,150","3,793","2,795","2,035"
5 ,"1,123",747,573,437,573,"1,070","2,491","3,732","3,755","4,859","5,559","5,302","4,859","4,547","4,192","3,898","3,952","4,315","3,395","2,788","2,871","2,539","2,167","1,579"
4 ,"1,106",799,530,499,538,"1,115","2,516","3,704","4,032","4,483","5,189","5,088","4,769","4,273","4,084","3,915","3,561","4,093","3,550","2,678","2,779","2,449","1,976","1,594"
3 ,"1,073",731,544,470,637,"1,166","2,628","3,887","4,053","4,800","5,048","5,119","4,672","4,416","3,899","3,673","3,376","4,298","3,361","2,691","2,654","2,477","1,856","1,521"
1 ,"1,165",761,581,401,438,723,"1,147","1,268","1,302","1,978","2,695","3,088","3,198","3,157","3,444","3,646","3,641","3,954","3,264","2,871","3,326","3,418","3,101","2,088"
7 ,"1,561","1,087",760,631,781,"1,377","2,762","3,412","3,738","4,160","4,453","5,241","4,040","3,501","3,885","3,931","3,799","3,934","3,045","2,604","3,145","2,882","2,432",158
6 ,"1,182",825,563,539,631,"1,354","2,796","3,674","3,446","4,161","4,919","5,029","4,734","4,301","4,306","4,096","4,466","5,319","4,326","3,742","4,316","4,178","3,041","2,210"
5 ,"1,151",722,576,513,659,"1,360","2,817","3,494","2,683","2,584","3,172","3,734","4,039","3,778","3,845","3,716","3,801","4,060","3,431","2,716","3,003","2,646","2,089","1,660"
4 ,"1,113",794,565,585,643,"1,183","2,597","3,575","3,141","3,098","4,493","4,558","4,118","3,224","3,312","3,258","3,480","3,799","2,947","2,745","2,871","2,561","2,059","1,566"
3 ,"1,120",783,606,472,734,"1,311","2,684","3,549","3,497","3,916","3,864","3,801","3,815","3,327","3,438","3,644","3,494","3,717","2,835","2,580","2,795","2,500","1,973","1,473"
2 ,"1,208",728,578,570,995,"2,347","3,296","3,153","3,005","3,128","4,034","4,549","4,085","3,666","3,331","3,289","3,367","3,753","2,945","2,569","2,857","2,467","1,952","1,532"
1 ,"1,073",696,532,381,413,662,"1,304","1,635","1,714","2,538","3,238","3,335","3,116","3,020","3,066","3,382","3,392","3,482","2,803","2,721","3,355","3,231","2,954","2,002"
7 ,"1,448",938,671,603,653,"1,241","2,209","2,714","2,649","2,818","3,015","2,867","2,809","2,841","2,994","3,062","2,842","3,327","2,387","2,463","2,630","2,356","1,981","1,554"
6 ,"1,047",706,493,429,528,990,"2,107","2,877","3,094","4,042","4,308","4,195","3,815","3,536","3,654","3,409","3,243","4,068","3,486","3,026","3,674","3,148","2,564","1,807"
5 ,"1,058",698,489,428,549,"1,116","2,308","3,278","3,338","4,101","4,064","4,477","3,618","3,246","3,047","3,023","2,871","2,925","2,594","2,275","2,508","2,308","1,765",124
4 ,"1,006",566,440,403,525,856,"1,803","2,584","2,771","3,742","4,020","3,665","3,338","2,929","2,973","2,821","2,820","3,370","2,771","2,408","2,455","2,195","1,589","1,231"
3 ,"1,006",678,498,488,687,"1,242","2,457","3,278","3,887","4,283","4,738","4,579","3,876","3,621","3,713","3,407","2,912","3,152","2,823","2,514","2,212","2,154","1,650","1,390"
2 ,"1,182",737,564,549,903,"2,460","4,068","4,505","4,635","4,476","5,048","5,116","4,684","4,500","4,201","4,372","4,295","4,333","3,240","2,649","2,730","2,116","1,820","1,468"
1 ,"1,070",630,467,394,433,666,"1,303","1,718","2,231","2,949","3,545","3,565","3,239","3,288","3,798","4,002","3,782","3,682","2,941","2,908","2,932","3,275","2,990","1,978"
7 ,"1,534","1,033",749,603,687,"1,286","2,612","3,346","4,034","4,925","5,338","4,327","4,704","3,762","4,340","4,560","4,415","4,490","3,352","2,835","2,705","2,645","2,185","1,611"
6 ,"1,174",875,568,530,663,"1,299","2,706","3,754","4,222","4,706","5,110","5,566","4,809","4,644","5,005","5,050","5,224","5,660","4,721","3,936","3,949","3,683","2,806","2,146"
5 ,"1,139",838,587,485,662,"1,319","2,801","4,091","4,484","5,048","5,605","5,407","4,642","4,132","4,221","4,303","4,429","4,416","3,653","2,964","2,848","2,667","2,132","1,524"
4 ,"1,148",847,610,580,719,"1,519","3,031","4,091","4,240","4,874","5,108","5,298","4,839","4,490","4,613","4,281","4,300","4,519","3,658","3,027","2,803","2,449","2,070","1,560"
3 ,"1,219",718,454,488,"1,048","2,687","4,340","4,600","4,574","4,225","4,784","5,003","4,430","4,302","4,332","4,298","4,261","4,120","3,573","2,961","2,865","2,589","2,167","1,560"
2 ,"1,190","1,525","1,266",682,554,742,"1,259","1,585","1,911","2,762","3,669","4,526","4,681","4,405","4,916","5,029","4,884","4,175","3,346","3,099","3,472","3,788","2,926","2,096"
1 ,"1,312",856,677,547,633,962,"1,675","2,180","3,003","4,039","4,596","5,100","4,685","4,632","4,613","4,675","4,315","3,710","2,781","2,475","2,324","2,312","2,100","1,631"
7 ,"1,902","1,210",893,797,924,"1,655","3,248","3,766","4,591","5,008","4,508","4,976","4,890","4,058","4,668","4,936","4,759","3,866","2,713","2,775","2,752","2,813","2,270","1,964"
6 ,"1,368","1,039",642,595,650,"1,222","2,678","3,356","4,010","4,153","4,996","5,247","4,950","5,368","5,480","5,638","6,098","6,316","4,937","4,416","4,548","3,939","3,167","2,557"
5 ,"1,246",910,689,571,639,"1,322","2,866","3,841","4,324","4,964","5,424","5,361","5,103","4,882","4,652","4,562","4,681","4,486","3,747","3,211","3,013","2,731","2,361","1,861"
4 ,"1,210",855,688,642,762,"1,380","2,927","3,950","4,494","5,354","5,393","5,656","5,193","4,820","4,739","4,841","4,576","4,548","3,587","2,946","2,961","2,715","2,219","1,806"
3 ,"1,423",873,618,604,"1,015","2,374","4,068","4,404","4,369","5,268","6,082","5,513","5,101","5,074","3,694","5,376","4,346","4,515","3,651","3,071","3,048","2,718","2,249","1,774"
2 ,"1,269",787,657,476,609,"1,247","1,983","1,700","2,014","2,673","3,276","3,211","3,763","3,826","4,066","4,746","4,178","3,727","3,200","3,154","3,306","3,670","3,259","2,306"
1 ,"1,436",891,655,533,573,852,"1,467","2,126","2,508","2,892","3,438","3,418","3,735","3,506","4,138","4,317","4,132","3,132","2,290","2,110","2,249","2,433","2,280","1,884"
7 ,"2,055","1,292",962,803,941,"1,670","3,175","3,719","4,972","5,069","4,475","5,161","4,641","4,352","4,432","4,334","5,192","4,460","3,454","3,031","3,026","3,026","2,612","2,132"
6 ,"1,471",932,799,702,763,"1,466","2,890","3,830","4,443","4,728","5,622","5,518","5,183","5,181","5,107","5,464","6,023","5,561","4,365","3,511","4,380","4,229","3,445","2,664"
5 ,"1,230",813,636,526,626,"1,152","2,435","3,515","4,180","4,291","5,058","5,251","5,016","4,514","4,300","4,557","4,190","4,215","3,440","3,024","2,946","2,666","2,250","1,890"
4 ,"1,249",872,708,608,798,"1,337","2,793","4,044","4,489","4,993","5,348","5,270","5,124","4,524","4,590","4,470","4,261","4,466","3,288","2,350","2,813","2,193","1,851","1,570"
3 ,"1,270",860,743,564,748,"1,368","2,879","3,996","4,526","5,086","5,562","5,134","5,164","4,968","4,489","4,557","4,338","4,291","3,457","2,864","2,850","2,615","2,117","1,736"
2 ,"1,360",842,606,603,969,"2,485","3,735","4,019","4,336","4,592","4,703","4,839","4,233","4,459","4,756","4,401","4,319","4,050","3,481","2,857","2,639","2,340","2,100","1,580"
1 ,"1,474",915,560,491,471,812,"1,463","1,912","2,538","3,196","4,217","4,178","3,931","3,841","4,322","4,562","4,254","4,230","3,463","3,393","3,652","3,701","3,362","2,289"
7 ,"1,927","1,213",895,692,788,"1,058","2,979","3,626","4,521","5,167","5,155","5,348","4,284","4,382","4,397","4,954","4,694","4,498","3,735","3,231","3,229","3,102","2,716","2,098"
6 ,"1,302",912,719,578,696,"1,402","2,844","4,008","4,293","4,583","5,036","5,163","4,090","4,554","4,546","5,014","5,899","5,619","4,828","4,178","4,438","4,012","3,059","2,590"
5 ,"1,239",846,641,537,721,"1,416","2,849","4,072","4,820","4,793","5,030","5,790","4,970","4,277","4,423","4,359","4,478","4,370","3,740","2,905","2,894","2,573","2,205","1,863"
4 ,"1,188",806,656,554,714,"1,292","2,825","3,744","4,551","4,691","4,801","5,473","4,619","4,326","4,226","4,492","4,275","4,322","3,609","3,032","2,753","2,635","2,041","1,674"
3 ,"1,122",809,635,549,683,"1,372","2,685","3,506","4,487","4,516","4,688","4,780","4,576","4,041","3,933","4,123","3,679","4,064","3,521","2,752","2,605","2,465","2,104","1,557"
2 ,"1,071",628,458,486,869,"2,287","3,485","3,974","4,443","4,384","4,860","4,930","4,245","3,980","3,627","4,399","3,984","3,590","3,254","2,857","2,758","2,412","1,939","1,479"
1 ,"1,473",873,633,514,572,799,"1,478","2,000","2,485","2,898","3,194","3,438","3,171","2,943","3,374","3,482","3,556","3,177","3,158","2,815","2,815","2,788","2,587","1,923"
7 ,"1,821","1,180",919,742,917,"1,665","3,219","4,166","4,763","5,111","5,033","4,428","4,235","3,691","4,290","4,784","4,971","4,428","3,670","3,154","3,320","2,999","2,628","2,033"
6 ,"1,180",858,635,597,687,"1,441","2,712","3,774","4,103","4,429","4,895","5,021","4,564","4,663","4,580","4,927","4,927","5,169","4,391","3,724","4,132","3,786","2,987","2,443"
5 ,"1,371","1,015",783,628,720,"1,288","2,616","3,537","3,906","3,957","4,854","4,709","4,300","4,081","4,236","4,066","4,160","4,093","3,339","2,903","2,721","2,657","2,236","1,742"
4 ,"1,180",863,739,651,842,"1,529","2,727","3,650","4,268","4,861","4,944","4,835","4,638","4,029","4,032","3,938","4,086","3,921","3,304","2,707","2,710","2,461","2,015","1,709"
3 ,"1,177",843,704,563,818,"1,540","3,048","3,670","4,669","4,673","5,052","5,115","4,640","4,397","4,303","4,313","4,288","4,239","3,421","2,792","2,704","2,512","1,966","1,655"
2 ,"1,366",761,699,679,"1,190","2,763","3,805","4,372","4,760","5,013","4,946","4,682","4,565","4,210","4,080","4,098","4,218","4,361","3,635","2,997","2,856","2,542","1,991","1,607"
1 ,"1,403",901,610,540,639,"1,192","2,114","2,547","3,193","3,456","4,022","4,131","3,807","3,672","4,446","4,647","4,963","4,265","3,636","3,474","3,551","3,503","2,916","2,286"
7 ,"1,836","1,237",925,779,"1,092","2,018","3,852","4,697","5,148","5,602","5,066","5,274","5,494","4,864","4,760","4,962","5,212","5,016","3,919","3,522","3,411","2,431","3,078","2,169"
6 ,"1,316",931,646,604,728,"1,496","2,956","3,999","4,328","4,487","5,061","4,908","4,719","4,681","4,775","5,164","6,243","5,965","5,052","4,523","4,698","4,394","3,267","2,599"
5 ,"1,208",881,666,566,742,"1,528","2,914","3,705","4,679","4,784","4,830","5,132","4,555","4,292","4,166","4,280","4,194","4,355","3,858","3,047","2,969","2,637","2,253","1,737"
4 ,"1,203",883,685,509,835,"1,547","2,998","4,023","4,420","4,368","5,250","4,888","4,889","4,611","4,005","4,175","4,264","4,003","3,532","2,993","2,911","2,597","2,127","1,632"
3 ,"1,232",860,644,601,814,"1,630","3,104","4,147","4,600","4,668","5,228","5,057","5,000","4,970","4,716","4,158","4,271","4,436","3,651","3,046","2,852","2,659","2,040","1,664"
2 ,"1,440",858,614,679,"1,136","2,803","4,508","5,090","5,262","5,752","5,702","5,776","5,512","5,193","4,352","4,543","4,543","4,470","3,701","3,013","3,108","2,707","2,150","1,668"
1 ,"1,657",975,721,564,638,"1,301","2,435","2,954","3,607","3,935","4,517","4,875","4,513","4,608","5,159","5,415","5,409","4,959","3,930","3,915","3,995","4,127","3,436","2,514"
7 ,"1,783","1,234",810,773,"1,045","1,974","4,106","5,309","5,253","4,442","5,364","4,572","4,660","5,618","4,919","5,321","4,351","5,368","3,972","3,713","3,593","3,916","3,209","2,520"
6 ,"1,265","1,080",787,741,795,"1,490","2,811","4,070","4,350","4,600","4,685","4,173","4,859","5,169","5,222","5,261","5,713","5,829","5,303","4,809","5,118","4,833","3,722","2,725"
5 ,"1,206",830,692,581,841,"1,528","3,022","4,088","4,630","5,095","3,956","4,597","4,962","4,376","4,306","4,154","4,141","4,298","3,648","2,969","3,041","2,697","2,169","1,703"
4 ,"1,207",843,633,610,793,"1,546","3,071","3,769","4,387","4,425","4,836","4,909","4,856","4,566","4,389","4,181","4,283","4,328","3,795","3,022","2,864","2,595","2,137","1,710"
3 ,"1,297",816,690,628,818,"1,610","3,143","3,920","4,289","4,904","5,296","5,195","4,850","4,453","4,399","4,105","4,715","4,205","3,761","3,022","2,860","2,606","2,101","1,655"
2 ,"1,418",838,614,673,"1,295","3,069","4,759","5,009","5,784","5,873","5,726","5,619","5,378","4,783","4,587","4,307","4,144","4,132","3,673","3,072","2,993","2,722","2,132","1,692"
1 ,"1,344",841,579,473,670,"1,348","2,647","3,685","4,422","4,598","4,347","4,981","4,153","4,342","5,101","5,306","5,358","4,991","4,158","3,923","4,051","4,031","3,425","2,248"
7 ,"1,792","1,124",845,752,"1,154","2,321","4,522","5,186","5,474","5,706","5,255","5,764","5,826","5,714","5,240","5,627","5,542","5,062","4,700","3,850","3,925","3,764","2,786","1,982"
6 ,"1,198",851,675,581,829,"1,559","3,252","4,462","4,695","5,331","5,272","5,475","5,302","5,386","5,347","5,681","5,679","5,799","5,782","4,880","5,091","4,814","3,789","2,655"
5 ,"1,237",873,613,553,729,"1,575","3,243","4,375","5,313","5,795","6,117","5,475","5,269","4,994","4,653","4,758","5,007","4,856","4,114","3,208","3,067","2,973","2,233","1,711"
4 ,"1,198",795,677,591,802,"1,632","3,248","4,177","5,250","5,606","5,727","5,680","5,137","4,884","4,516","4,517","4,558","4,733","3,874","3,021","2,913","2,659","2,017","1,679"
3 ,"1,108",861,675,666,892,"1,756","3,415","4,548","5,453","5,690","6,038","5,266","5,225","4,773","4,771","4,393","4,724","4,550","3,903","3,058","2,851","2,538","2,000","1,638"
2 ,"1,340",827,637,638,"1,209","2,937","4,803","4,863","5,325","5,020","5,912","5,218","4,844","4,417","4,498","4,582","4,664","4,602","4,078","3,337","3,058","2,730","2,095","1,732"
1 ,"1,506",894,587,540,686,"1,374","2,611","3,332","4,017","4,614","4,884","4,672","4,454","4,412","4,802","4,942","4,734","5,117","4,183","3,824","4,147","4,005","3,452","2,349"
7 ,"1,851","1,246",943,819,"1,266","2,578","4,944","5,384","5,557","5,565","5,375","5,435","5,176","4,821","5,134","5,399","4,767","5,017","4,457","3,608","3,627","3,971","3,151","2,218"
6 ,"1,304",870,718,616,826,"1,737","3,282","4,637","5,387","5,685","5,801","5,749","5,553","5,207","5,331","5,352","4,836","4,936","4,960","4,837","5,474","5,589","4,273","2,916"
5 ,"1,225",823,673,624,803,"1,864","3,672","5,092","6,069","6,082","5,950","7,273","5,720","5,429","5,236","5,159","5,217","5,326","4,417","3,380","3,297","2,968","2,228","1,816"
4 ,"1,216",853,650,679,852,"1,753","3,488","4,693","5,358","5,630","6,321","6,232","5,804","5,326","4,972","5,178","4,807","5,144","4,559","3,375","3,094","2,776","2,170","1,716"
3 ,"1,167",776,631,618,886,"1,745","3,550","4,739","5,732","5,952","5,805","6,139","5,684","4,914","5,088","5,146","4,915","5,026","4,463","3,337","3,109","2,681","2,175","1,684"
2 ,"1,323",764,546,614,"1,184","2,978","4,669","4,895","5,835","5,623","6,095","5,795","5,313","4,897","4,557","4,502","4,395","4,709","4,047","3,177","3,032","2,642","2,024","1,571"
3 ,-,-,-,-,-,-,-,"4,413","5,225","5,420","5,603","5,670","4,904","4,694","4,510","4,559","4,193","4,865","3,965","2,969","2,911",-,-,-
2 ,-,-,-,-,-,-,-,"4,879","5,842","5,893","5,812","5,799","5,140","4,796","4,964","4,859","4,586","4,730","3,804","3,112","2,904",-,-,-
1 ,-,-,-,-,-,-,-,"3,105","3,274","3,976","4,358","4,344","3,892","3,758","4,296","4,075","4,792","4,626","3,335","3,314","4,062",-,-,-
7 ,-,-,-,-,-,-,-,"5,002","5,336","5,209","5,198","4,803","4,990","4,000","4,596","3,951","4,085","5,174","4,044","3,267","3,313",-,-,-
6 ,-,-,-,-,-,-,-,"4,470","5,137","5,552","5,447","5,545","5,716","5,055","4,904","5,173","5,610","6,058","5,490","4,280","4,567",-,-,-
5 ,-,-,-,-,-,-,-,"4,581","5,484","5,991","6,055","5,850","5,594","4,882","4,356","4,373","4,641","4,788","3,832","3,111","2,878",-,-,-
4 ,-,-,-,-,-,-,-,"4,382","5,219","5,860","5,902","5,453","5,359","5,217","4,723","4,424","3,983","5,123","3,819","2,949","2,768",-,-,-
3 ,-,-,-,-,-,-,-,"4,916","5,356","5,667","5,508","6,057","5,197","4,715","5,048","4,566","4,450","4,840","3,774","2,989","2,867",-,-,-
2 ,-,-,-,-,-,-,-,"4,768","5,941","5,660","5,798","6,262","5,244","5,316","4,866","4,572","4,475","4,773","3,872","3,041","2,929",-,-,-
1 ,-,-,-,-,-,-,-,"2,686","3,893","4,362","4,533","4,316","3,711","3,846","4,024","4,499","3,940","4,686","3,740","3,485","3,641",-,-,-
7 ,-,-,-,-,-,-,-,"4,882","5,350","4,894","5,482","5,159","4,593","3,793","4,384","4,674","4,620","4,698","4,329","3,531","3,309",-,-,-
6 ,-,-,-,-,-,-,-,"4,528","5,460","5,514","5,326","5,423","5,283","5,445","5,567","5,412","5,182","6,083","5,801","4,815","4,830",-,-,-
5 ,-,-,-,-,-,-,-,"4,609","5,761","5,598","5,547","6,168","5,220","4,938","4,792","4,556","4,612","4,711","3,986","3,286","3,179",-,-,-
4 ,-,-,-,-,-,-,-,"4,483","5,321","5,406","5,901","5,719","4,952","4,715","4,501","4,384","4,916","4,786","3,969","3,071","2,890",-,-,-
3 ,-,-,-,-,-,-,-,"4,420","5,415","5,559","5,641","5,579","5,317","5,285","4,657","4,409","2,157","5,054","3,974","3,007","2,905",-,-,-
2 ,-,-,-,-,-,-,-,"4,755","4,804","4,809","4,872","5,559","4,474","4,038","4,095","4,701","4,444","4,766","4,007","3,117","2,992",-,-,-
1 ,-,-,-,-,-,-,-,"2,211","3,006","3,463","4,126","4,049","3,553","3,485","3,803","4,167","4,005","4,232","3,650","3,151","3,253",-,-,-
7 ,-,-,-,-,-,-,-,"4,566","5,350","5,106","5,390","4,646","4,451","3,997","4,404","4,668","4,374","4,746","3,843","3,094","3,081",-,-,-
6 ,-,-,-,-,-,-,-,"4,053","4,667","5,107","5,474","5,462","4,940","4,933","4,947","4,705","5,083","5,916","5,265","4,315","4,254",-,-,-
5 ,-,-,-,-,-,-,-,"4,303","4,938","4,655","4,731","5,509","4,640","4,148","4,019","4,369","4,337","4,574","3,870","2,831","2,872",-,-,-
4 ,-,-,-,-,-,-,-,"2,954","3,413","3,808","3,970","4,040","3,885","3,968","4,094","3,986","4,134","4,329","3,855","2,787","2,709",-,-,-
3 ,-,-,-,-,-,-,-,"3,025","3,332","3,149","3,864","3,641","3,136","3,081","3,276","3,530","4,081","4,262","3,764","2,796","2,592",-,-,-
2 ,837,594,425,412,611,"1,396","1,991","1,745","1,867","2,459","2,921","2,957","2,670","2,829","3,061","3,118","3,005","2,916","2,569","2,209","2,376","2,617","2,021","1,311"
1 ,796,535,396,299,402,695,"1,336","1,544","2,006","2,580","3,109","3,215","3,043","3,063","3,103","3,115","3,012","2,909","2,328","2,113","2,126","2,233","1,850","1,389"
7 ,795,569,487,450,563,"1,071","2,063","2,147","2,695","3,160","3,675","3,680","3,660","3,197","3,432","3,295","2,925","2,757","2,284","1,939","1,775","1,784","1,510","1,271"
6 ,783,528,392,356,503,951,"1,985","2,903","3,367","3,643","3,838","3,959","3,710","3,799","3,698","3,629","2,914","2,784","2,393","1,986","1,987","1,786","1,428","1,136"
5 ,"1,317",814,597,577,"1,146","2,529","4,334","2,985","3,799","3,733","3,813","3,701","3,478","3,421","3,579","3,495","2,789","2,971","2,089","2,542","2,410","2,313","1,933","1,404"
4 ,"1,101",861,793,"1,012","2,058","4,199","5,195","3,863","3,765","4,164","3,579","3,593","3,575","3,336","3,166","3,145","2,942","3,122","2,881","2,918","2,656","2,776","2,494","2,068"
3 ,"3,274","3,307","2,606","2,831","4,183","5,185","4,727","3,572","3,484","3,472","3,405","3,314","3,283","3,507","3,085","3,510","3,831","3,323","2,915","2,730","2,448","2,464","2,101","1,605"
2 ,"1,111",863,689,685,"1,155","2,014","2,632","2,929","3,343","4,051","3,897","4,940","4,198","4,168","4,225","4,230","3,844","4,413","3,374","3,009","3,706","3,492","3,096","3,387"
1 ,"1,775","1,189",854,811,"1,173","2,138","4,568","4,866","5,209","4,211","3,846","4,047","4,155","3,636","3,328","3,206","3,075","3,157","2,592","2,069","2,044","2,155","1,952","1,609"
