1 ,"1,240",879,584,511,547,896,951,"1,041","1,593","2,452","2,912","3,577","3,821","3,947","3,807","4,233","3,879","3,986","3,799","3,177","3,356","3,514","2,958","2,096"
7 ,"1,552","1,127",850,824,"1,017","1,636","1,773","1,712","2,218","2,982","3,658","4,028","3,679","3,575","3,755","4,191","3,843","3,716","3,866","3,285","3,029","3,031","2,361","1,746"
6 ,"1,432","1,104",883,852,"1,192","2,139","2,489","2,756","2,965","3,054","3,246","3,422","3,584","3,633","4,093","4,352","4,398","3,901","4,020","3,847","3,604","3,449","2,626","2,101"
5 ,"2,033","1,256",977,884,"1,395","2,537","2,668","2,891","3,066","3,233","3,516","3,996","4,313","4,198","4,138","4,371","4,122","4,005","3,459","3,285","3,119","2,953","2,441","1,983"
4 ,"4,607","5,321","5,220","3,486","2,571","2,799","3,241","3,166","3,763","4,218","4,607","5,374","5,138","4,818","4,719","4,699","4,259","4,559","4,895","4,029","4,245","4,380","3,986","3,590"
3 ,"4,162","4,913","4,312","3,614","3,211","3,378","3,244","2,833","3,510","4,381","4,877","5,285","5,418","4,438","4,526","3,602","4,120","4,387","4,451","4,190","4,243","5,080","5,211","5,125"
2 ,"1,354",962,648,594,733,"1,362","2,279","2,665","2,877","4,265","5,115","4,710","5,373","4,339","3,819","4,302","3,715","4,091","4,229","4,182","3,950","4,442","4,323","4,305"
1 ,"1,297",981,684,676,654,899,999,"1,369","2,269","3,232","4,167","4,323","4,077","4,311","4,193","4,024","3,679","3,369","3,238","2,798","2,722","2,849","2,415","1,793"
7 ,"1,455","1,043",838,745,785,"1,136","1,109","1,257","1,665","2,217","3,039","3,585","3,404","3,480","3,517","3,463","3,268","3,195","3,004","2,758","2,437","2,344","1,990","1,698"
6 ,"1,456","1,109",947,871,995,"1,541","1,639","1,811","2,263","2,058","2,257","2,513","2,812","3,127","3,433","3,783","3,969","3,836","3,600","3,451","3,199","3,034","2,597","1,956"
5 ,"1,596","1,196",921,935,"1,215","1,971","2,340","2,851","2,562","2,655","2,878","2,909","2,902","3,222","3,788","3,558","3,715","3,425","3,329","3,273","3,189","2,884","2,517","1,924"
4 ,"1,625","1,177",860,999,"1,167","2,005","2,225","2,636","2,966","3,069","3,264","3,497","3,635","4,239","4,277","4,548","5,007","4,756","3,982","3,625","3,462","3,226","2,814","2,126"
3 ,"1,620","1,168",958,930,"1,188","2,007","1,859","2,727","2,770","3,098","3,463","4,240","4,198","4,230","4,463","4,028","5,297","4,403","4,172","3,673","3,438","3,008","2,640","2,133"
2 ,"1,593","1,024",831,901,"1,352","2,544","2,531","2,623","3,270","3,310","3,612","4,040","4,216","4,162","3,833","3,840","4,293","3,795","3,455","3,553","3,212","2,688","2,609","2,079"
1 ,"1,505",979,657,590,639,"1,044","1,134","1,188","1,839","2,480","3,211","3,691","3,965","4,715","4,750","4,497","4,326","3,642","3,669","3,570","3,192","3,760","3,410","2,396"
7 ,"1,545","1,278",906,943,"1,044","1,668","1,716","1,657","2,168","2,461","2,565","2,850","2,908","3,420","3,818","4,129","4,281","3,921","3,767","3,488","3,540","3,538","2,958","2,215"
6 ,"1,624","1,114",899,885,"1,152","2,032","2,194","2,699","3,078","3,127","3,445","3,502","3,749","3,895","4,316","5,686","4,760","4,498","4,386","3,583","3,346","3,035","2,453","1,983"
5 ,"1,597","1,103",972,941,"1,182","2,065","2,377","2,753","3,170","3,046","3,309","3,352","3,762","3,778","4,154","4,640","4,598","4,446","4,463","3,748","3,391","3,050","2,725","2,055"
4 ,"1,516","1,044",842,914,"1,196","2,065","2,305","2,561","3,118","3,195","3,567","3,185","4,502","4,280","4,290","4,742","4,183","4,188","4,289","3,550","3,293","3,012","2,715","2,059"
3 ,"1,555","1,164",909,924,"1,263","2,114","2,402","2,718","3,253","3,240","3,398","3,869","3,890","4,043","4,164","4,164","4,575","4,442","3,965","3,433","3,244","2,973","2,520","2,098"
2 ,"2,001","1,244",898,910,"1,473","2,787","2,751","2,934","3,045","3,387","3,613","3,746","3,956","3,936","3,709","4,169","4,064","4,412","3,558","3,492","3,066","2,966","2,324","2,020"
1 ,"1,770","1,140",791,660,672,"1,072","1,141","1,192","2,087","3,396","4,200","4,465","5,442","5,206","4,345","4,636","4,363","4,474","4,605","4,514","4,318","5,720","5,376","3,124"
7 ,"1,628","1,179",916,854,"1,071","1,673","1,682","1,722","2,658","3,617","3,534","2,750","4,802","4,102","4,644","4,813","4,012","4,700","4,869","4,639","4,264","4,929","3,567","2,767"
6 ,"1,543","1,110","1,012",888,"1,074","1,771","2,088","2,384","2,782","3,080","3,410","3,676","3,777","4,418","4,725","4,848","5,080","5,654","4,682","4,521","4,156","3,854","3,074","2,289"
5 ,"1,534","1,108",868,871,"1,174","1,924","2,172","2,503","2,971","3,170","3,191","3,317","3,423","3,766","4,138","4,478","4,769","4,971","4,221","3,638","3,445","2,958","2,495","1,892"
4 ,"1,585","1,081",879,889,"1,132","1,870","2,187","2,402","3,018","3,103","3,470","3,797","3,985","4,118","4,409","4,579","4,767","4,562","3,828","3,467","3,151","2,698","2,456","2,008"
3 ,"1,090",784,678,763,984,"1,573","1,912","2,399","2,640","3,016","3,102","3,820","3,682","3,582","4,388","4,182","4,039","4,374","4,110","3,397","3,041","2,732","2,407","1,856"
2 ,"1,732","1,097",777,850,"1,355","2,530","2,883","3,048","3,307","2,904","3,037","3,457","3,719","3,670","3,364","3,669","3,685","3,304","2,980","2,561","1,906","1,783","1,507","1,357"
1 ,"1,791","1,098",690,579,582,978,"1,076","1,195","1,948","2,907","3,857","4,558","4,625","4,818","4,867","4,987","4,722","4,550","4,704","4,391","3,715","4,792","3,845","2,654"
7 ,"1,593","1,105",875,829,"1,013","1,519","1,667","1,679","2,459","3,337","4,369","4,735","4,256","4,243","4,411","4,748","4,726","5,193","4,400","4,184","3,185","3,253","2,663","2,194"
6 ,"1,176",861,874,881,885,"1,388","1,979","2,582","2,396","2,403","2,961","3,427","3,986","4,540","3,765","5,334","4,651","5,050","4,622","4,271","3,943","3,756","2,951","2,033"
5 ,"1,612","1,031",911,876,"1,082","1,555","2,187","2,638","2,693","2,972","3,179","3,358","3,268","3,551","3,966","3,681","3,448","3,293","2,905","2,406","2,106","1,859","1,711","1,336"
4 ,"1,163",879,677,726,962,"1,554","1,776","2,222","2,722","2,929","3,130","3,466","3,702","3,901","4,275","4,069","4,019","3,878","3,290","3,009","2,922","2,548","2,329","1,845"
3 ,"1,156",846,652,720,908,"1,370","1,775","2,438","2,308","2,161","2,298","2,393","2,457","2,438","2,177","2,954","2,861","2,802","2,617","2,544","2,516","2,261","1,894","1,444"
2 ,"1,792","1,003",823,871,"1,151","2,027","2,527","2,615","3,091","2,551","2,407","2,646","2,589","2,364","2,774","3,106","3,032","2,811","2,558","2,598","2,373","1,978","1,556","1,163"
1 ,"1,407","1,004",736,572,570,919,"1,076","1,319","1,901","2,527","2,876","3,062","3,680","3,642","3,929","4,255","4,350","3,983","4,536","4,255","3,509","3,704","2,960","2,319"
7 ,"1,428","1,068",859,829,"1,047","1,736","1,761","1,788","2,537","3,445","4,058","3,958","3,746","3,644","3,986","4,489","4,614","4,324","3,711","3,551","3,214","3,481","2,934","2,114"
6 ,989,767,657,753,742,"1,123","1,402","2,238","2,088","1,980","2,189","2,363","2,585","2,845","3,101","3,421","3,694","3,594","3,526","3,765","3,594","3,509","2,819","1,923"
5 ,"1,473","1,061",939,856,"1,010","1,735","2,141","2,742","2,939","2,789","3,110","3,163","3,265","3,642","3,944","4,145","3,726","3,454","3,161","2,928","2,441","2,087","1,590","1,225"
4 ,"1,444","1,024",850,921,"1,146","1,863","2,223","2,657","3,075","3,176","3,587","3,702","4,153","4,293","4,235","5,281","4,503","4,251","3,981","3,564","3,313","3,174","2,647","1,970"
3 ,"1,474","1,111",848,916,"1,145","2,046","2,653","3,026","3,066","3,029","3,037","2,995","3,120","3,474","3,881","3,572","4,551","4,149","3,957","3,285","2,977","2,738","2,417",173
2 ,"1,823","1,152",845,855,"1,343","2,602","2,745","3,088","3,308","3,241","3,555","3,817","3,926","4,130","4,150","4,072","4,357","4,048","3,661","3,410","3,040","2,653","2,380",167
1 ,"1,621","1,073",743,580,619,920,"1,085","1,235","1,928","2,723","3,470","4,035","4,550","4,493","4,639","4,630","4,028","4,962","4,116","4,024","3,743","4,419","3,822",273
7 ,"1,671","1,249",960,914,"1,092","1,722","1,766","1,913","2,531","3,539","3,921","4,239","4,392","3,998","4,230","4,478","5,014","4,500","2,814","2,306","2,608","3,272","3,174",225
6 ,"1,650","1,156",980,948,"1,209","2,028","2,328","2,791","2,993","3,331","3,618","4,118","4,497","4,894","4,990","5,403","5,682","5,744","4,999","4,589","4,623","4,337","3,297",230
5 ,"1,518",954,711,721,"1,046","2,046","2,519","2,892","3,023","3,299","3,603","3,890","4,599","4,597","4,757","4,715","4,968","5,083","3,989","3,735","3,340","3,103","2,599",208
4 ,"1,657","1,203",973,879,"1,014","1,537","1,661","1,553","2,064","2,787","3,115","3,692","3,795","3,898","4,096","4,494","4,763","4,310","4,013","3,572","3,338","3,600","3,006",220
3 ,"1,554","1,254",972,"1,006","1,271","2,032","2,340","2,761","2,995","3,395","3,675","3,819","4,236","4,632","5,232","5,249","5,496","5,486","5,000","4,872","4,231","3,624","3,027",222
2 ,"1,845","1,206",818,854,"1,373","2,382","2,512","2,940","3,085","3,407","3,756","4,267","4,271","4,518","4,815","4,850","4,741","4,434","3,926","3,518","3,407","2,889","2,516",186
1 ,"1,661","1,164",759,624,616,890,"1,012","1,170","1,835","2,717","3,506","4,108","4,549","4,410","4,538","4,683","4,110","4,474","4,717","3,912","3,761","4,597","3,950",292
7 ,"1,692","1,284","1,006",899,"1,052","1,586","1,702","1,829","2,373","3,133","3,784","3,667","4,074","4,097","4,237","4,013","4,999","4,654","4,356","3,318","3,298","3,586","3,072",201
6 ,"1,406","1,112",834,828,"1,157","1,797","2,142","2,500","2,889","3,280","3,520","3,939","4,178","4,772","5,169","5,459","5,359","5,400","5,304","4,678","4,169","3,659","3,262",234
5 ,"1,449","1,053",782,804,"1,077","1,326","2,314","2,485","2,729","3,165","3,546","3,776","3,703","4,269","4,712","4,846","4,733","4,706","3,606","3,467","3,160","2,701","2,439",204
4 ,"1,685","1,168",869,846,"1,105","1,585","2,183","2,591","2,831","3,198","3,521","3,906","4,243","4,564","4,578","4,710","5,375","5,181","4,190","3,452","3,262","3,053","2,681",183
3 ,"1,521","1,133",890,913,"1,042","1,513","2,321","2,539","2,897","3,227","3,549","3,877","4,057","4,289","4,368","4,706","4,740","4,424","4,087","3,664","3,248","2,839","2,451",184
2 ,"2,328","1,420",954,871,"1,296","2,245","2,627","2,998","2,786","3,179","3,557","3,709","3,766","4,578","4,595","4,659","4,803","4,264","3,792","3,339","3,214","2,931","2,551",209
1 ,"2,275","1,352",926,704,692,871,"1,221","1,579","2,113","3,146","4,073","4,559","4,555","4,676","4,743","4,536","4,692","4,575","4,888","4,098","3,678","4,417","3,945",278
7 ,"2,022","1,408",988,904,"1,033","1,463","1,614","1,797","2,438","3,246","3,987","4,210","4,911","4,569","4,517","4,646","4,558","5,249","4,699","4,176","3,734","4,000","3,807",283
6 ,"1,622","1,213",921,836,"1,044","1,561","1,984","2,347","2,682","3,253","3,737","4,417","4,790","5,328","5,493","5,872","5,747","5,286","6,082","5,663","5,004","5,086","3,911",277
5 ,"1,599","1,113",902,864,"1,155","1,754","2,063","2,412","2,636","3,237","3,712","3,989","4,431","4,621","4,674","5,104","5,255","4,665","4,612","3,867","3,713","3,543","2,950",226
4 ,"1,667","1,187",859,893,"1,190","1,708","2,043","2,414","2,743","3,282","3,642","4,146","4,695","4,835","4,756","4,761","5,412","5,078","4,580","3,774","3,643","3,395","2,685",186
3 ,"1,771","1,234",962,937,"1,154","1,838","2,165","2,568","2,797","3,455","3,779","4,144","4,664","4,913","5,019","4,724","5,756","5,388","5,110","4,224","3,598","3,540","3,029",198
2 ,"2,065","1,322",925,973,"1,427","2,325","2,599","2,880","2,884","3,551","3,917","4,440","4,926","4,954","4,859","4,876","5,033","5,499","4,091","3,791","3,525","3,209","2,668",178
1 ,"1,460",937,714,609,620,821,"1,098","1,276","1,923","2,924","3,506","4,008","4,174","3,922","3,947","4,246","3,553","4,901","4,374","3,598","3,590","4,450","4,143",272
7 ,"1,669","1,213",981,955,"1,153","1,636","1,825","1,828","2,220","3,085","3,601","3,751","3,974","3,887","3,435","3,549","3,643","3,531","3,588","3,104","2,987","3,232","2,713",172
6 ,"1,569","1,123",848,898,"1,077","1,846","2,332","2,580","2,706","3,051","3,379","3,829","4,143","4,791","4,899","5,065","5,139","5,247","4,699","4,224","4,075","3,978","3,155",226
5 ,"1,552","1,098",842,879,"1,169","1,859","2,216","2,683","2,892","3,264","3,516","3,636","3,936","4,461","4,408","4,727","4,871","4,519","3,806","3,435","3,204","2,800","2,399",206
4 ,"1,503","1,010",869,913,"1,191","1,832","2,249","2,686","2,720","3,050","3,301","3,643","3,726","4,054","4,252","4,437","4,726","4,331","3,920","3,172","3,212","2,774","2,415",182
3 ,"1,297","1,048",807,828,"1,128","1,854","2,241","2,693","2,882","3,071","3,567","3,721","3,932","4,026","4,415","4,585","4,559","4,208","3,932","3,234","3,062","2,767","2,195",159
2 ,"1,798","1,150",857,878,"1,374","2,476","2,783","3,139","2,847","2,900","3,187","3,461","4,461","4,003","4,280","4,330","4,414","4,088","3,697","3,084","2,999","2,652","2,290",172
1 ,"1,632","1,054",739,572,597,782,"1,061","1,301","1,787","2,821","3,557","4,035","4,474","4,443","4,632","4,514","4,582","4,715","3,953","3,704","3,783","4,233","3,807","2,836"
7 ,"1,858","1,125",899,815,"1,037","1,551","1,814","1,843","2,272","3,347","3,584","3,905","3,991","3,850","4,016","4,406","4,492","4,594","4,131","3,414","3,200","3,489","3,113","2,249"
6 ,"1,328",992,772,758,"1,031","2,033","2,285","2,587","2,759","3,135","3,667","3,799","4,242","4,692","4,989","4,526","6,024","4,852","4,744","4,504","4,264","4,280","2,639","2,322"
5 ,"1,414","1,020",821,791,"1,056","1,915","2,308","2,566","2,795","3,264","3,421","3,635","3,947","4,141","4,419","4,520","4,997","5,062","4,145","3,299","3,173","2,724","2,665","1,948"
4 ,"1,418","1,066",825,810,"1,013","1,803","2,315","2,473","2,709","3,103","3,313","3,655","3,885","4,216","3,888","4,883","4,731","4,297","3,703","3,006","2,996","2,671","2,334","1,904"
3 ,"1,255",993,910,877,"1,054","1,954","2,196","2,677","2,875","3,223","3,483","3,437","3,776","3,964","4,297","4,243","4,319","3,978","3,718","3,121","2,939","2,686","2,351","1,740"
2 ,"1,845","1,115",881,813,"1,248","2,424","2,743","2,758","2,945","3,106","3,552","3,795","3,929","4,089","4,366","4,265","4,409","4,047","3,584","3,102","3,066","2,702","2,204","1,846"
1 ,"1,608","1,124",725,615,607,854,"1,098","1,166","1,776","2,793","3,536","4,078","4,411","4,541","4,567","4,527","4,885","4,738","4,139","3,727","3,920","4,448","3,773","2,847"
7 ,"1,632","1,238",935,820,"1,027","1,477","1,729","1,763","2,246","3,220","3,905","3,957","3,779","3,822","3,960","4,425","4,755","5,244","4,518","3,449","3,221","3,582","3,114","2,357"
6 ,"1,422","1,121",885,849,"1,115","1,803","2,189","2,555","2,737","3,075","3,417","3,788","4,119","4,779","4,863","5,163","5,515","5,974","5,166","4,445","4,220","3,914","3,179","2,336"
5 ,"1,449","1,003",789,794,"1,065","1,737","2,142","2,556","2,716","3,099","3,367","3,514","3,673","4,034","4,476","4,372","4,583","4,451","4,373","3,325","3,321","2,984","2,547","2,084"
4 ,"1,361","1,098",844,782,"1,072","1,792","2,453","2,637","2,636","3,013","3,238","3,525","3,574","3,510","4,125","4,366","4,257","4,358","3,689","3,350","3,185","2,818","2,317","1,767"
3 ,"1,354","1,038",707,748,944,"1,516","2,006","2,341","2,516","2,701","2,968","3,181","3,217","3,494","3,643","4,060","3,992","3,687","3,505","3,004","2,953","2,572","2,263","1,771"
2 ,"1,851","1,116",789,752,"1,300","2,421","3,013","3,640","3,373","2,774","2,809","2,802","2,703","2,815","2,986","3,072","3,126","2,928","2,538","2,644","2,101","1,989","1,758","1,417"
1 ,"1,738","1,104",718,562,584,859,"1,121","1,222","1,891","2,823","3,477","4,087","4,442","4,712","5,070","4,587","3,771","4,422","4,696","4,250","4,095","4,710","4,099","2,807"
7 ,"1,591","1,200",928,851,995,"1,571","1,881","1,902","2,461","3,478","3,561","4,505","3,983","4,111","4,370","4,804","4,802","4,911","4,230","3,702","3,301","3,675","3,315","2,511"
6 ,"1,348","1,025",822,842,"1,087","1,837","2,325","2,665","2,918","3,167","3,399","3,627","4,024","4,478","4,802","5,137","6,007","5,386","4,788","4,722","4,391","3,992","3,207","2,309"
5 ,"1,268","1,029",941,826,"1,083","1,782","2,213","2,695","2,747","3,135","3,393","3,516","3,810","4,167","3,880","4,354","4,240","4,210","3,665","3,358","2,945","2,848","2,293","1,774"
4 ,"1,251",879,748,738,988,"1,732","2,097","2,462","2,714","3,034","3,348","3,492","3,805","4,170","4,472","4,949","4,518","4,369","3,723","3,273","2,978","2,824","2,273","1,856"
3 ,"1,053",868,734,697,926,"1,500","1,959","2,382","2,598","3,017","3,309","3,568","3,707","3,870","4,034","4,132","3,972","3,685","3,383","2,939","2,688","2,562","2,181","1,619"
2 ,"1,228",903,703,701,"1,048","1,749","2,493","3,008","2,752","2,440","2,954","3,201","3,045","3,291","3,398","3,016","2,776","2,547","2,416","2,276","2,064","1,826","1,564","1,258"
7 ,"1,628","1,206",936,868,976,"1,450","1,715","1,694","2,215","3,097","3,768","3,879","3,760","3,560","4,030","4,351","4,485","3,564","3,802","2,748","2,713","2,951","2,502","1,848"
6 ,"1,352","1,035",800,833,991,"1,655","2,169","2,520","2,795","3,130","3,525","3,996","4,168","4,259","4,750","5,271","5,333","5,337","4,744","4,075","4,116","4,052","3,292","2,342"
5 ,"1,198","1,008",880,817,"1,111","1,844","2,269","2,612","2,754","3,014","3,188","3,342","3,365","3,374","3,843","3,836","3,975","3,509","2,903","2,872","2,865","2,646","2,317","1,670"
4 ,"1,291","1,009",744,757,946,"1,535","2,130","2,743","2,760","2,656","3,030","3,602","3,433","4,062","4,319","4,497","4,421","4,028","3,494","2,935","2,859","2,519","2,373",181
3 ,"1,509","1,103",890,940,"1,101","1,668","2,290","3,278","3,272","2,858","2,747","2,810","2,708","2,711","3,089","3,275","3,144","2,801","3,148","2,798","2,270","2,239","1,773",115
2 ,"1,850","1,180",873,788,"1,298","2,471","2,789","3,094","3,092","3,118","3,622","3,871","4,222","4,211","4,364","4,663","4,808","4,233","4,010","3,295","3,161","2,952","2,454",197
1 ,"1,309",875,716,611,594,844,"1,086","1,309","1,786","2,692","3,588","4,360","4,722","4,517","4,562","4,705","4,827","4,784","4,553","4,176","3,805","4,374","4,117",316
7 ,"1,767","1,282",961,899,"1,115","1,730","2,097","2,255","2,619","3,862","4,370","4,073","4,610","4,168","4,530","4,605","4,824","5,050","4,153","3,530","3,602","3,670","3,338",264
6 ,"1,627","1,169",962,945,"1,185","2,054","2,468","2,737","2,905","3,347","3,652","4,045","4,661","4,655","5,554","5,815","5,978","5,572","5,045","4,742","4,777","4,620","3,705",231
5 ,"1,527","1,052",813,851,"1,122","1,862","2,283","2,685","2,817","3,017","3,716","3,808","4,089","4,601","4,741","4,946","5,467","5,592","4,938","3,579","3,473","2,931","2,454",204
4 ,"1,431","1,047",790,812,"1,096","1,866","2,361","2,732","2,808","3,093","3,410","3,558","4,066","4,141","4,473","4,817","4,971","5,007","4,194","3,363","3,156","2,881","2,335",179
3 ,"1,417","1,218",840,837,"1,093","1,837","2,165","2,753","2,866","3,122","3,422","3,427","3,410","3,614","3,993","4,272","4,403","4,391","3,826","3,171","2,970","2,770","2,313",147
2 ,"1,720","1,102",788,849,"1,321","2,347","2,756","3,052","2,996","3,186","3,425","3,822","3,968","4,122","3,891","4,511","4,567","4,393","3,993","3,184","2,942","2,358","1,938",160
1 ,"1,640","1,047",699,665,605,926,"1,155","1,214","1,843","2,862","3,545","4,255","4,436","4,782","4,756","4,935","5,057","4,690","4,704","4,290","3,730","4,379","4,009",288
7 ,"1,700","1,276",987,925,"1,067","1,601","1,975","1,929","2,583","3,494","3,781","4,182","4,125","3,916","4,331","4,511","5,211","5,553","4,701","3,609","3,393","3,617","3,315",261
6 ,"1,715","1,530","1,071",992,"1,220","1,988","2,451","2,826","2,973","3,254","3,585","3,769","3,915","4,776","4,773","5,417","5,520","5,259","5,385","4,486","4,616","4,273","3,494",243
5 ,"1,343",944,761,783,"1,169","2,112","2,595","3,065","3,026","3,124","3,376","3,359","3,685","4,177","4,336","4,636","4,696","4,327","3,685","3,383","3,307","2,854","2,891",185
4 ,"1,561","1,123",822,870,935,"1,460","1,644","1,709","2,160","2,752","3,079","3,279","3,317","3,427","3,693","3,775","3,995","3,828","3,243","2,892","2,831","2,975","2,506",181
3 ,"1,697","1,074",948,939,"1,108","1,913","2,368","2,769","2,710","3,206","3,532","3,796","3,941","4,208","4,594","4,519","4,890","4,955","4,907","3,951","3,572","3,259","2,791",193
2 ,"1,648","1,097",844,840,"1,299","2,515","2,992","3,270","3,114","3,242","3,456","3,508","3,633","3,820","3,857","4,229","4,223","3,885","3,438","3,177","2,978","2,783","2,272",171
1 ,"1,625","1,114",727,685,786,885,"1,187","1,307","1,925","2,904","3,719","4,193","4,437","4,720","4,613","4,891","4,679","4,591","4,309","4,176","3,895","4,328","3,985",302
7 ,"1,695","1,223",955,852,"1,017","1,535","1,911","1,707","2,306","3,478","3,403","4,412","3,924","3,938","4,401","4,589","4,585","4,577","4,308","3,862","3,347","3,673","3,104",224
6 ,"1,563","1,204",930,940,"1,155","1,956","2,414","2,773","2,826","3,160","3,749","3,861","4,129","4,732","5,053","5,769","5,424","5,218","4,729","4,332","4,065","4,073","3,307",242
5 ,"1,396",855,672,678,967,"1,915","2,325","2,761","2,660","3,129","3,261","3,600","3,964","4,341","4,414","4,634","5,082","4,526","3,939","3,297","3,133","3,024","2,654",203
4 ,"1,675","1,227",930,882,"1,034","1,340","1,699","1,597","1,933","2,643","3,052","3,279","3,472","3,492","3,720","3,023","4,179","4,294","3,644","3,044","2,933","3,281","2,803",193
3 ,"1,584","1,150",873,894,"1,185","1,876","2,418","2,812","2,853","3,340","3,533","3,686","4,136","4,379","4,616","5,309","5,765","5,361","4,728","4,313","3,791","3,558","3,053",220
2 ,"1,937","1,301",859,883,"1,358","2,515","2,776","3,142","3,024","3,197","3,469","3,688","4,099","3,917","4,361","4,134","4,653","4,100","3,534","3,313","3,082","2,945","2,582",199
1 ,"1,678","1,153",771,634,661,901,"1,168","1,242","1,880","3,034","3,680","4,325","4,310","4,297","4,772","4,846","4,761","4,964","4,657","4,310","4,063","4,868","4,321",327
7 ,"2,001","1,303","1,028",921,"1,144","1,523","1,878","1,830","2,545","3,786","4,184","4,273","4,254","4,029","4,419","4,837","5,460","5,476","4,457","3,631","3,406","3,852","3,421",253
6 ,"1,649","1,150",891,929,"1,154","1,913","2,275","2,690","2,959","3,144","3,408","3,809","4,260","4,761","5,073","5,517","5,812","5,805","5,129","4,374","4,243","4,152","3,450",243
5 ,"1,466","1,036",816,768,987,"1,838","2,504","2,829","2,845","3,127","3,420","3,667","3,868","4,163","4,259","4,722","4,728","4,624","3,895","3,488","3,401","3,214","2,842",219
4 ,"1,689","1,184",967,901,"1,082","1,725","2,509","2,943","2,923","2,647","2,928","3,304","3,930","4,084","4,445","4,732","4,647","4,369","4,049","3,294","3,109","3,066","2,550",190
3 ,"1,512","1,056",877,944,"1,192","2,000","2,425","2,837","2,918","3,182","3,455","3,604","3,949","4,274","4,465","4,861","4,712","4,441","3,980","3,739","3,185","2,758","2,430",191
2 ,"1,820","1,117",869,886,"1,328","2,412","2,726","3,093","3,187","3,349","3,639","3,767","3,945","4,275","4,289","4,562","4,890","4,286","3,925","3,469","3,170","2,824","2,515",145
1 ,"1,719","1,113",734,602,665,919,"1,102","1,229","1,892","2,955","3,718","3,997","4,176","4,309","4,879","3,779","4,442","4,740","3,892","4,599","3,631","4,591","4,008",276
7 ,"1,726","1,329",955,923,"1,112","1,606","1,866","1,920","2,581","3,844","4,091","4,135","4,264","4,259","4,390","5,069","5,023","4,973","4,270","3,586","3,384","3,693","3,242",257
6 ,"1,686","1,157",941,946,"1,244","1,906","2,305","2,769","3,046","3,408","3,596","3,946","4,389","4,726","4,929","5,574","5,320","5,246","4,842","4,720","4,376","4,293","3,350",224
5 ,"1,544","1,123",897,838,"1,145","1,846","2,308","2,688","3,015","3,360","3,672","3,742","4,123","4,626","4,545","4,847","4,850","5,177","3,892","3,540","3,367","3,228","2,697",222
4 ,"1,587","1,165",844,856,"1,021","1,812","2,523","2,964","3,125","3,147","3,626","3,979","4,242","4,337","4,534","4,731","4,744","4,956","3,955","3,399","3,110","2,975","2,531","1,992"
3 ,"1,777","1,239",905,808,934,"1,387","1,588","1,527","2,073","2,801","3,287","3,473","3,526","3,807","4,249","4,530","4,320","3,974","3,327","3,518","2,777","3,287","2,680","2,263"
2 ,"2,098","1,220",870,843,"1,303","2,311","2,673","2,860","2,973","3,517","3,747","4,078","4,121","4,252","4,710","4,824","4,991","5,289","5,164","4,472","4,176","3,827","3,223","2,480"
1 ,"1,763","1,111",785,670,656,964,"1,272","1,344","2,042","2,955","3,749","4,025","3,508","4,377","4,475","4,776","5,001","4,965","4,856","4,527","4,302","5,042","4,237","3,251"
7 ,"1,725","1,225",987,969,"1,147","1,659","1,880","1,934","2,580","3,561","4,252","4,273","4,201","3,963","4,302","4,557","5,460","5,876","4,961","4,041","3,585","3,916","3,306","2,584"
6 ,"1,462",104,-,-,-,-,-,-,-,"2,549","2,724","2,871","2,941","3,241","3,216","4,136","3,893","4,330","3,781","3,878","3,935","3,787","3,085","2,335"
5 ,"1,302",879,767,707,925,"1,439","2,072","2,392","2,846","2,626","2,973","2,875","3,056","3,280","3,600","3,593","3,843","3,785","3,363","3,199","3,085","2,599","2,095",190
4 ,173,-,-,-,-,"1,278","2,216","2,764","2,981","3,160","3,191","3,255","3,206","3,548","3,742","3,654","3,700","3,626","3,139","3,056","2,782","2,654","2,145",179
2 ,"1,625","1,042",735,730,"1,269","2,203","2,582","2,869","2,853","3,081","3,450","3,646","3,940","3,897","4,103","4,284","4,377","3,936","3,495","3,219","3,090","2,733","2,517",212
1 ,"1,393",984,721,607,586,809,967,"1,111","1,590","2,566","2,995","3,105","3,363","3,807","4,413","4,533","4,523","4,368","3,808","3,560","3,473","4,208","3,767",270
7 ,"1,810","1,310","1,016",920,"1,097","1,544","1,892","2,075","2,542","2,958","3,033","3,020","2,847","2,690","2,616","3,357","3,537","3,007","2,756","2,322","2,215","2,570","2,152",147
6 ,"1,487","1,106",868,902,"1,179","1,801","2,242","2,756","2,868","3,314","3,526","3,961","4,163","4,823","5,128","5,260","5,375","5,157","4,661","4,482","4,505","4,314","3,420",245
5 ,"1,480",22,486,923,"1,217","1,851","2,326","2,711","3,020","3,448","3,559","3,850","4,024","3,911","4,343","4,753","5,102","4,747","4,087","3,528","3,272","2,810","2,566",207
4 ,"1,607","1,256",963,917,"1,219","1,886","2,356","2,775","3,102","3,405","3,644","3,891","3,912","4,495","4,632","4,681","4,919","4,526","3,902","3,422","3,269","2,861",285,850
3 ,"2,651","1,376",967,920,"1,354","2,236","2,726","3,082","3,046","3,305","3,935","4,148","4,133","4,500","4,717","5,090","4,759","5,128","4,093","3,675","3,373","2,859","2,733",211
2 ,"3,256","2,094","1,174",899,"1,129","1,868","2,230","2,683","3,317","4,633","4,919","5,933","5,448","5,564","5,230","5,512","5,614","5,716","5,609","5,440","5,730","5,246","4,980",332
1 ,"2,323","1,608","1,051",830,722,895,"1,235","1,502","2,245","2,877","3,347","3,328","3,255","3,509","4,027","4,348","4,556","4,524","4,536","4,401","4,138","5,508","5,408",402
7 ,"2,049","1,420","1,084","1,001","1,174","1,480","1,701","1,925","2,640","3,943","4,675","4,443","4,168","3,829","3,776","4,349","4,404","3,863","4,865","4,030","3,793","4,490","4,178",322
6 ,"1,516","1,150",922,999,"1,244","1,977","2,376","2,848","3,082","3,326","3,577","4,056","4,397","4,951","5,066","5,401","6,316","6,000","5,561","4,998","5,132","5,351","4,643",280
5 ,"1,339",980,785,832,"1,183","1,888","2,221","2,677","3,250","3,367","3,414","3,878","3,995","4,096","4,223","4,927","5,162","4,823","4,048","3,578","3,358","3,194","2,791",203
4 ,"1,386",926,635,704,"1,215","2,019","2,401","3,066","3,030","2,691","3,038","3,175","3,106","3,161","3,428","3,377","3,655","3,478","3,378","2,806","2,629","2,503","2,211",172
3 ,"1,467","1,053",822,791,895,"1,228","1,453","1,767","2,210","3,084","3,377","3,485","3,386","3,928","4,207","4,457","4,563","4,136","4,363","3,734","3,621","3,361","2,739",209
2 ,"1,831","1,246",824,788,"1,340","2,359","2,639","2,991","3,090","3,101","3,181","4,528","4,131","4,279","4,285","4,455","5,003","5,126","4,412","4,171","3,792","3,280","2,791",209
1 ,"1,792","1,122",806,619,671,977,"1,152","1,183","2,107","3,167","3,860","4,553","4,553","4,742","4,989","4,998","4,991","4,947","4,864","4,693","4,448","5,013","4,258",340
7 ,"1,760","1,182",975,853,"1,044","1,489","1,750","1,761","2,573","3,570","3,957","4,131","4,010","3,943","4,440","4,864","5,145","5,371","4,942","4,348","3,661","4,292","3,703",282
6 ,"1,706","1,251","1,043",955,"1,246","1,871","2,346","2,868","3,126","3,448","3,527","4,021","4,459","4,738","4,984","5,471","5,630","5,541","5,024","4,501","4,207","4,243","3,539",260
5 ,"1,569","1,146",832,976,"1,195","1,915","2,406","2,742","3,166","3,383","3,680","3,772","4,065","4,332","4,524","4,877","5,500","5,288","4,312","3,858","3,758","3,533","2,985",218
4 ,"1,545","1,058",823,840,"1,218","1,977","2,328","2,771","3,281","3,611","3,701","3,680","3,769","4,110","4,501","4,779","4,774","4,716","4,059","3,693","3,574","3,403","2,710",195
3 ,"1,359","1,057",806,794,"1,068","1,706","2,198","2,724","2,918","3,108","3,362","3,393","3,327","3,607","3,969","4,534","4,516","4,462","4,006","3,565","3,368","3,075","2,515",168
2 ,"1,592","1,120",970,979,"1,263","2,338","2,834","3,575","3,278","2,826","2,775","2,913","2,888","3,014","3,280","3,366","3,468","3,436","2,941","2,650","2,262","2,191","1,919",170
1 ,"1,842","1,180",820,681,641,991,"1,200","1,397","2,102","3,210","4,156","4,368","4,301","4,192","4,999","4,772","4,439","4,477","4,751","4,134","3,317","3,595","3,394",238
7 ,"1,729","1,279",905,879,"1,069","1,647","1,810","1,753","2,599","3,765","4,269","4,316","4,044","4,003","4,350","4,712","5,121","5,182","4,922","4,497","3,941","4,366","3,910",264
6 ,"1,453","1,111",990,866,"1,167","1,972","2,357","2,695","3,197","3,303","3,640","4,003","4,355","4,413","5,079","5,297","5,471","5,321","5,178","4,538","4,097","4,178","3,387",277
5 ,"1,411","1,146",902,892,"1,160","1,980","2,309","2,712","3,225","3,511","3,813","4,134","4,025","4,148","4,594","4,816","4,634","4,753","3,992","3,693","3,691","3,372","2,706",216
4 ,976,514,845,925,"1,209","1,906","2,300","2,657","3,206","3,474","3,650","3,914","3,813","4,084","4,325","4,421","4,740","4,470","4,061","3,695","3,446","2,924","2,467",177
3 ,"1,457","1,068",879,913,"1,160","1,941","2,430","2,751","3,184","3,356","3,599","3,896","4,006","4,166","4,252","4,611","4,710","4,254","4,221","3,500","3,392","3,069","2,433",189
2 ,"1,886","1,114",809,845,"1,332","2,444","2,696","3,036","3,178","3,360","3,580","3,931","3,839","4,038","4,281","4,250","4,360","3,982","3,511","3,331","3,239","2,998","2,519",168
1 ,"1,431",971,703,589,648,963,"1,143","1,223","1,940","2,859","3,859","4,349","4,443","4,847","5,138","5,105","4,817","4,794","4,718","4,521","4,426","4,953","4,121",292
7 ,"1,703","1,340",920,877,"1,135","1,710","1,753","2,007","2,624","3,005","3,337","3,309","2,984","3,206","4,090","4,574","4,619","4,575","4,324","3,461","3,292","3,519","2,785",217
6 ,"1,612","1,146",892,932,"1,205","2,010","2,436","2,751","3,266","3,363","3,653","4,026","4,082","4,153","4,725","5,369","5,554","5,462","5,392","4,879","4,237","4,046","3,356",250
5 ,"1,334","1,117",930,887,"1,022","2,128","2,314","2,794","3,346","3,422","3,629","3,755","4,001","4,293","4,574","4,880","5,200","5,002","3,996","3,847","3,481","3,344","2,840",216
4 ,"1,566","1,257",910,878,"1,104","1,867","2,196","2,621","2,995","3,390","3,473","3,790","3,853","4,061","4,259","4,498","5,305","4,507","4,048","3,661","3,222","2,855","2,327",189
2 ,"1,541",886,585,664,"1,075","2,220","2,407","2,782","2,702","2,920","3,471","3,905","4,069","4,124","4,250","4,450","4,567","4,372","3,990","3,394","3,196","3,114","2,464","1,892"
4 ,"1,249",845,688,712,858,"1,671","2,449","3,199","3,488","3,250","3,395","3,287","3,409","3,569","3,935","4,387","4,378","4,066","3,756","2,976","2,725","2,662","2,323","1,726"
3 ,"1,240",904,715,687,897,"1,784","2,477","2,979","3,400","3,372","3,617","3,748","3,718","3,982","4,145","4,497","4,728","4,409","4,043","3,538","3,200","3,006","2,365","1,708"
2 ,"1,871","1,163",761,839,"1,407","2,472","2,908","3,307","3,382","3,068","3,298","3,286","3,582","3,669","3,853","4,117","4,361","4,087","3,505","3,017","2,820","2,784","2,260","1,719"
1 ,"1,511",975,634,531,554,913,"1,164","1,347","2,130","2,898","3,690","3,875","4,111","4,323","4,326","4,608","4,776","4,426","4,107","3,786","3,409","4,018","3,628","2,850"
7 ,"1,605","1,076",776,712,836,"1,460","1,895","1,964","2,904","3,908","4,046","4,156","4,134","4,077","4,241","4,644","4,387","5,172","4,669","3,509","3,528","3,853","3,304","2,346"
6 ,"1,145",866,632,709,986,"1,773","2,431","3,000","3,282","3,522","3,692","4,012","4,200","4,452","4,802","5,345","5,336","5,098","5,383","4,815","4,396","4,383","3,346","2,292"
5 ,"1,386","1,051",853,812,"1,047","1,630","2,326","3,040","3,079","2,852","3,125","3,246","3,130","3,350","3,689","3,695","4,071","3,975","3,533","3,104","2,923","2,710","2,274","1,654"
4 ,"1,344","1,034",749,761,"1,022","1,822","2,456","3,012","3,295","3,427","3,558","3,952","3,980","4,110","4,272","4,764","4,985","4,596","4,241","3,684","3,439","3,084","2,565","1,807"
3 ,"1,377",974,695,667,962,"1,833","2,451","3,122","2,910","2,947","3,014","3,156","3,165","3,816","4,098","4,285","4,597","4,470","3,834","3,224","3,246","3,052","2,647","1,898"
1 ,"1,333",868,609,484,399,754,"1,037","1,346","1,785","2,342","3,115","3,501","3,432","3,686","3,733","3,653","3,635","3,288","3,554","3,420","3,278","3,434","3,059","2,229"
7 ,"1,388",989,687,614,762,"1,162","1,635","1,972","2,373","2,741","3,496","3,562","3,246","3,561","3,539","3,635","3,492","3,868","3,658","3,230","2,990","3,092","2,766","1,911"
6 ,"1,190",834,669,618,842,"1,524","2,115","2,646","2,607","2,716","2,992","3,377","3,751","4,204","4,216","4,860","4,115","3,526","3,801","3,840","3,574","3,337","2,956","2,040"
5 ,"1,262",893,726,751,789,"1,252","1,749","2,630","2,389","2,233","2,306","2,725","2,919","2,977","3,213","3,371","3,229","3,073","2,863","2,686","2,605","2,380","2,098","1,556"
4 ,"1,201",767,621,609,791,"1,431","1,954","2,723","2,647","2,673","2,875","2,938","3,075","3,284","3,532","3,576","3,564","3,519","3,391","3,125","2,852","2,453","2,074","1,463"
3 ,"1,205",861,629,648,862,"1,519","2,099","2,841","2,367","2,595","2,924","2,993","3,106","3,319","3,416","3,264","3,406","3,187","3,303","3,192","2,903","2,576","2,171","1,546"
2 ,"1,257",861,599,592,921,"1,879","2,302","3,313","2,912","2,702","2,575","2,741","3,095","3,062","3,493","3,232","3,546","2,970","2,887","2,866","2,821","2,534","2,082","1,555"
1 ,"1,479",857,576,518,492,649,996,"1,267","1,633","2,224","2,735","3,119","3,468","3,517","3,713","3,259","3,499","3,510","3,384","3,240","2,864","2,641","2,396","1,635"
7 ,"1,354",928,740,652,811,"1,213","1,632","1,757","2,017","2,711","3,118","3,532","3,252","3,399","3,529","3,620","3,610","3,924","3,777","3,531","3,226","3,569","3,035","2,182"
6 ,"1,052",716,492,492,664,"1,389","2,020","2,529","2,330","2,517","2,738","3,660","3,663","3,904","4,098","4,211","3,918","3,244","3,601","3,919","3,768","3,461","2,720","2,226"
5 ,"1,117",852,646,554,565,843,"1,072","1,578","2,031","2,413","3,011","3,400","3,451","3,099","3,333","3,568","3,646","3,742","3,732","3,371","3,331","3,470","2,462","1,665"
4 ,"1,377",997,736,688,933,"1,539","2,255","2,934","3,003","3,057","3,062","3,315","3,861","3,541","2,693","2,580","2,964","3,211","3,839","3,137","2,861","2,411","1,940","1,442"
3 ,"1,272",946,722,653,833,"1,588","2,160","2,610","2,995","2,935","3,100","3,202","3,170","3,452","3,636","3,796","4,120","3,851","3,616","3,195","3,131","3,026","2,417","1,885"
2 ,"1,261",852,580,562,955,"2,031","2,683","3,275","2,620","2,586","2,998","3,232","3,540","3,528","3,249","3,374","3,005","3,089","3,329","3,152","3,070","2,737","2,397","1,807"
1 ,"1,348",938,571,507,440,725,"1,022","1,381","1,920","2,584","3,096","3,252","3,660","3,653","3,544","3,327","3,276","3,000","3,345","3,539","2,722","3,589","2,843","2,071"
7 ,"1,476",975,725,661,733,"1,108","1,611","1,920","2,212","2,579","3,117","2,868","3,755","3,334","3,375","3,459","3,353","3,507","3,622","3,369","3,004","3,139","2,597","2,024"
6 ,"1,331",872,649,698,781,"1,390","2,008","2,473","2,677","2,676","2,706","2,965","3,416","3,671","3,875","4,007","3,839","3,918","3,943","3,755","3,694","3,466","2,924","2,079"
5 ,"1,307",781,694,639,815,"1,443","2,222","2,682","2,828","2,734","2,990","3,108","3,229","3,371","3,523","3,709","3,503","3,172","3,366","3,290","2,974","2,809","2,371","1,762"
4 ,"1,286",884,681,694,901,"1,620","2,232","2,694","2,622","2,662","2,928","3,055","3,258","3,331","3,436","3,229","3,460","2,954","3,229","3,283","2,924","2,750","2,291","1,676"
3 ,"1,311",901,737,628,889,"1,650","2,335","2,740","2,513","2,294","2,578","3,087","3,050","3,400","3,474","3,700","3,700","3,440","3,323","3,197","2,951","2,748","2,345","1,731"
2 ,"1,979","1,279",790,684,"1,014","1,957","2,626","3,240","2,876","2,865","3,229","3,573","3,649","3,606","3,728","3,425","3,740","3,693","3,369","3,131","2,915","2,680","2,374","1,759"
1 ,"3,898","4,379","4,804","2,366","1,594","1,824","2,707","3,504","3,690","4,002","3,821","3,787","3,653","3,333","3,000","3,103","3,107","2,955","3,398","3,506","3,451","3,455","3,423","3,301"
7 ,"3,528","4,057","3,828","2,269","2,450","2,929","3,417","3,630","3,542","3,763","3,914","3,599","3,876","3,264","3,199","3,108","3,151","3,378","3,506","3,181","3,813","3,729","3,991","3,640"
6 ,894,668,483,423,513,"1,085","2,230","3,090","2,722","2,849","3,645","3,485","3,315","3,371","3,006","2,811","2,863","2,908","2,974","2,892","2,994","3,136","3,262","3,313"
5 ,"1,478","1,043",805,720,730,883,"1,350","1,675","2,431","3,168","3,244","3,149","3,484","3,228","3,040","3,119","2,924","2,428","2,447","2,207","2,028","1,945","1,639","1,286"
4 ,"1,321",937,707,646,820,"1,110","1,679","2,066","2,229","2,132","2,115","2,391","2,554","2,927","3,130","3,066","3,019","2,886","3,060","3,019","2,836","2,789","2,326","1,897"
3 ,"1,188",940,722,639,794,"1,335","2,066","2,657","2,901","3,016","3,161","2,812","3,256","3,340","3,394","3,239","3,172","3,025","3,059","3,078","2,871","2,553","2,356","1,741"
2 ,"1,231",879,597,602,801,"1,628","2,383","3,044","3,007","2,718","2,817","3,031","3,180","2,762","3,136","3,063","2,977","2,617","3,099","2,973","2,577","2,301","1,680","1,432"
1 ,"1,150",791,535,465,405,598,889,"1,074","1,503","2,252","2,683","3,258","3,535","3,476","3,412","3,754","3,050","2,890","2,545","1,980","2,275","2,584","2,024","1,828"
7 ,"1,428",949,758,677,801,"1,151","1,605","1,723","2,111","2,586","3,124","3,234","3,144","3,138","3,000","3,154","3,496","3,732","3,316","3,038","2,926","2,866","2,559","1,702"
6 ,"1,289",934,759,699,940,"1,536","2,314","2,946","3,108","3,007","3,073","3,128","3,202","3,416","3,729","3,848","4,108","4,253","4,168","3,930","3,655","3,458","2,868","1,995"
5 ,"1,345",823,655,589,821,"1,331","2,120","2,682","2,865","2,778","2,924","3,199","3,316","3,203","3,200","3,164","3,785","3,576","3,575","3,253","3,144","2,984","2,510","1,830"
4 ,"1,214",892,662,645,799,"1,380","2,020","2,615","2,789","2,742","2,987","3,155","3,357","3,353","3,320","3,303","3,175","3,398","3,468","3,223","2,892","2,771","2,312","1,804"
3 ,"1,210",820,661,646,787,"1,445","2,188","2,787","2,781","2,827","2,887","3,182","3,370","3,481","3,253","3,254","3,119","3,099","3,529","3,135","2,885","2,470","2,158","1,700"
2 ,"1,248",767,548,580,873,"1,976","2,711","3,447","2,972","2,782","2,908","3,106","3,160","3,200","2,954","3,052","3,152","2,917","3,109","2,850","2,645","2,554","2,057","1,545"
1 ,"1,196",696,527,429,435,577,766,"1,041","1,578","2,221","2,741","3,185","3,378","3,379","3,235","2,869","3,181","3,040","3,271","3,009","3,017","3,165","2,705","1,991"
7 ,"1,401",899,705,604,666,"1,060","1,545","1,777","2,245","2,775","3,362","3,693","3,216","3,136","2,918","2,999","3,061","3,454","3,322","2,975","2,762","2,793","2,392","1,728"
6 ,"1,178",807,688,679,795,"1,357","2,162","2,559","2,711","2,731","2,976","3,208","3,324","3,324","3,021","3,004","3,080","3,823","4,079","3,732","3,488","3,222","2,772","1,945"
5 ,"1,159",840,652,604,842,"1,369","2,132","2,795","2,776","2,741","2,930","2,908","3,075","3,165","3,077","3,116","3,088","2,736","3,229","3,014","2,864","2,619","2,190","1,606"
4 ,"1,133",797,597,54,757,"1,272","1,945","2,609","2,724","2,639","2,697","2,762","2,632","2,900","2,976","3,058","3,274","3,438","3,301","2,935","2,816","2,467","2,031","1,446"
3 ,"1,177",783,623,584,761,"1,369","2,022","2,793","2,907","2,903","2,976","3,230","3,239","3,171","3,316","3,339","3,423","3,458","3,379","3,083","2,594","2,388","1,913","1,499"
2 ,"1,221",820,554,544,939,"1,972","2,757","3,266","3,032","2,814","2,928","3,289","3,405","3,323","2,598","2,581","3,488","2,673","3,184","2,969","2,728","2,453","1,989","1,589"
1 ,"1,240",812,561,421,431,529,810,"1,049","1,732","2,359","2,905","3,178","3,498","3,378","3,530","3,548","3,666","3,603","3,374","3,147","3,080","3,402","2,892","2,145"
7 ,"1,392",923,779,550,706,"1,013","1,500","1,692","2,212","3,099","3,389","3,956","3,916","3,350","3,098","3,476","3,295","3,432","3,472","3,132","2,939","3,005","2,524","1,795"
6 ,"1,185",784,628,607,718,"1,256","1,920","2,732","2,882","3,133","3,189","3,373","3,637","2,729","3,709","3,725","3,342","3,499","4,056","3,992","3,708","3,493","2,841","2,070"
5 ,"1,119",732,578,582,777,"1,166","1,988","2,729","2,840","2,761","2,791","3,354","3,278","3,437","3,270","3,401","3,505","3,601","3,274","3,111","2,823","2,675","2,229","1,576"
4 ,"1,133",753,614,659,748,"1,254","1,978","2,753","2,977","3,192","2,897","3,240","3,325","3,330","3,463","3,366","3,293","3,066","3,256","2,990","2,671","2,504","2,108","1,542"
3 ,"1,165",863,643,624,803,"1,436","2,151","2,823","2,670","3,117","2,948","3,141","3,324","3,236","3,075","3,019","2,937","3,280","3,225","3,048","2,797","2,552","2,047","1,581"
1 ,"1,261",814,572,460,487,526,721,784,"1,464","2,053","2,605","2,991","3,470","3,539","3,468","3,273","3,580","3,738","3,593","3,519","3,110","3,475","3,061","2,210"
7 ,"1,469","1,029",726,638,762,"1,091","1,686","1,869","2,196","2,744","3,323","3,267","3,259","3,261","3,311","3,531","3,479","3,785","3,284","2,951","2,810","2,954","2,440",191
6 ,"1,200",862,683,633,877,"1,355","2,107","2,667","2,931","2,879","2,920","3,111","3,337","3,395","3,367","3,284","3,340","3,444","3,993","3,788","3,640","3,564","2,945","2,019"
5 ,"1,143",842,671,676,850,"1,429","2,148","2,454","2,934","2,651","2,661","2,699","3,000","3,333","3,408","3,525","3,831","3,836","3,263","3,082","2,904","2,668","2,222","1,608"
4 ,"1,140",800,675,662,883,"1,235","1,831","2,504","2,824","2,295","2,386","2,225","2,295","2,252","2,546","2,648","2,704","2,942","2,988","2,776","2,543","2,297","1,913","1,486"
3 ,"1,114",848,650,600,861,"1,450","2,121","2,551","2,633","2,428","2,614","2,892","2,932","3,298","3,327","3,643","3,913","3,406","3,288","2,779","2,598","2,322","1,932","1,398"
2 ,"1,244",836,573,597,981,"1,957","2,492","2,640","2,813","2,578","2,895","2,917","3,111","3,178","3,308","3,506","3,429","3,478","3,158","2,692","2,371","2,276","1,945","1,364"
1 ,"1,094",748,517,439,445,538,821,896,"1,475","2,003","2,584","3,334","3,492","3,331","3,326","3,797","3,380","3,573","3,389","3,098","2,961","3,275","2,865","2,015"
7 ,"1,269",926,678,569,714,"1,026","1,434","1,518","2,343","2,443","2,796","2,865","2,602","2,731","2,917","3,226","3,361","3,228","2,680","2,339","2,069","2,215","1,737","1,350"
6 ,"1,082",769,542,584,723,"1,163","1,757","2,635","2,927","2,772","2,428","3,197","3,574","3,733","3,810","3,781","3,718","4,313","3,878","3,488","3,437","3,155","2,588","1,801"
5 ,978,679,563,537,754,"1,152","1,791","2,436","2,822","2,637","2,705","2,843","3,086","3,091","3,267","3,157","3,193","3,963","2,999","2,617","2,299","2,098","1,740",157
4 ,740,607,685,563,681,"1,057","1,500","2,150","2,780","2,658","2,701","2,809","3,125","3,237","3,028","3,313","3,159","2,888","2,968","2,634","2,506","2,175","1,781","1,406"
3 ,"1,126",801,527,594,711,"1,250","1,819","2,394","2,622","2,619","2,864","3,069","3,381","3,475","3,591","3,512","3,199","3,299","2,763","2,458","2,168","1,905","1,620","1,092"
2 ,"1,242",844,592,596,944,"2,046","2,789","3,421","3,010","2,566","2,809","3,227","3,290","3,468","3,826","3,868","4,293","3,812","2,469","2,017","1,904","1,709","1,529","1,213"
1 ,"1,200",806,526,432,456,590,838,"1,033","1,577","2,327","2,772","3,319","3,645","3,678","3,860","4,131","4,264","3,899","3,205","2,992","3,046","3,302","2,794","1,953"
7 ,"1,398",997,736,678,715,"1,152","1,578","1,680","2,310","2,702","3,080","3,299","3,406","3,255","3,254","3,382","3,417","3,713","3,187","2,914","2,826","2,890","2,331","1,689"
6 ,"1,179",882,666,641,814,"1,421","2,139","2,643","2,859","2,795","3,004","3,295","3,238","3,828","3,888","3,824","4,449","4,376","3,846","3,515","3,428","3,295","2,561","1,898"
5 ,"1,125",849,609,622,844,"1,393","2,166","2,742","2,847","2,754","2,972","3,157","3,557","3,649","3,745","4,328","4,731","4,138","3,407","3,146","2,873","2,602","2,196","1,622"
4 ,"1,203",867,673,609,833,"1,558","2,276","2,765","2,977","2,629","2,817","2,962","3,325","3,405","3,404","3,513","3,290","3,608","3,266","2,927","2,614","2,462","2,104","1,584"
3 ,"1,632",945,630,608,"1,035","1,977","2,689","2,999","2,744","2,522","2,582","2,981","3,558","3,669","3,738","3,984","4,042","3,732","3,336","2,929","2,767","2,512","2,142","1,620"
2 ,"1,279","1,004",758,590,540,520,814,"1,023","1,486","2,042","2,921","2,719","4,198","4,394","4,029","3,988","4,171","4,319","3,298","3,578","3,429","3,829","3,889","2,693"
1 ,875,611,498,416,385,466,645,716,"1,299","1,714","2,651","2,969","3,943","3,511","3,392","3,655","3,503","3,920","3,482","3,146","3,084","3,290","2,771","1,832"
7 ,"1,392","1,090",774,711,725,991,"1,414","1,459","1,798","2,350","2,980","3,332","3,631","3,787","4,269","4,622","4,755","3,634","2,914","2,354","2,331","2,282","1,713","1,137"
6 ,"1,336",979,725,738,869,"1,429","2,118","2,771","2,823","2,812","3,095","3,422","3,617","3,807","4,360","4,498","5,062","4,505","3,612","3,357","3,296","3,027","2,561","1,831"
5 ,"1,253",915,715,652,917,"1,554","2,204","2,900","3,035","2,877","3,236","3,399","3,548","3,674","4,056","4,362","4,273","4,461","3,350","2,952","2,904","2,802","2,347","1,725"
4 ,"1,295",964,691,661,810,"1,516","2,206","2,761","3,013","2,800","2,931","3,092","3,608","3,681","3,750","3,723","3,547","4,147","3,434","3,136","2,950","2,641","2,220","1,755"
3 ,"1,353",789,613,581,923,"1,790","2,294","2,867","3,292","2,681","2,887","3,088","3,560","3,501","3,427","3,831","3,559","3,821","3,323","3,009","2,814","2,651","2,263","1,796"
2 ,"1,219",817,495,482,572,930,"1,236","1,165","1,539","2,060","2,610","3,265","3,808","3,471","3,494","3,216","3,578","3,738","3,247","3,013","3,068","3,753","3,054","2,099"
1 ,"1,231",816,590,474,460,529,797,978,"1,436","2,131","2,675","2,391","2,282","2,544","2,823","2,550","2,493","2,618","2,689","2,196","2,144","2,367","2,117","1,610"
7 ,"1,554","1,139",817,779,849,"1,242","1,666","1,772","2,142","2,546","3,447","3,736","3,787","3,949","4,339","4,743","4,839","3,879","3,283","2,802","2,514","2,590","2,277","1,658"
6 ,"1,190",857,707,619,797,"1,406","2,095","2,721","2,850","2,965","3,275","3,421","3,914","4,149","4,788","4,986","5,510","4,773","3,830","3,443","3,453","3,350","2,612","2,128"
5 ,"1,020",774,526,579,667,"1,116","1,761","2,250","2,523","2,433","2,493","3,011","3,294","3,679","3,640","3,533","4,072","3,906","3,309","3,041","2,945","2,539","2,175","1,635"
4 ,"1,251",898,665,669,848,"1,383","2,086","2,692","2,872","2,856","3,087","3,167","3,531","3,820","4,009","4,488","4,232","3,284","2,857","2,523","2,226","2,002","1,611","1,202"
3 ,"1,164",864,688,672,854,"1,421","2,195","2,883","3,170","2,795","2,974","3,113","3,317","3,333","3,790","3,759","3,529","3,802","3,381","3,043","2,812","2,586","2,247","1,653"
2 ,"1,424",879,607,599,988,"1,970","2,575","3,091","3,262","2,737","2,758","2,935","3,027","3,160","3,475","3,584","3,487","3,616","3,003","2,746","2,593","2,358","1,827","1,487"
1 ,"1,516","1,002",657,504,513,639,996,"1,210","1,954","2,479","3,057","3,337","4,583","4,113","3,489","3,970","3,866","4,016","3,459","3,136","3,084","3,446","3,080","2,149"
7 ,"1,519","1,084",793,738,743,"1,208","1,711","2,020","2,464","3,121","4,021","3,944","4,123","3,780","4,082","4,473","4,162","4,332","3,714","3,083","2,848","3,153","2,780","2,035"
6 ,"1,272",890,707,697,940,"1,552","2,360","2,947","2,980","3,129","3,403","3,907","4,172","4,222","4,827","5,797","5,618","5,183","4,350","3,944","3,874","3,549","3,178","2,128"
5 ,"1,111",824,679,670,878,"1,513","2,271","2,876","3,031","3,098","3,319","3,495","3,698","4,304","4,570","5,045","5,372","4,578","3,619","3,235","3,059","2,924","2,419","1,755"
4 ,"1,153",821,659,630,845,"1,594","2,230","2,895","2,978","2,860","3,124","3,231","3,611","3,855","3,951","4,126","4,110","4,151","3,696","3,068","2,957","2,858","2,279","1,700"
3 ,"1,076",799,613,646,863,"1,420","2,255","2,880","2,879","2,844","3,016","3,310","3,486","3,763","3,926","3,976","3,816","4,053","3,400","3,010","2,826","2,582","2,166","1,559"
2 ,"1,393",865,618,625,"1,040","2,067","2,894","3,529","3,127","2,988","3,032","3,373","3,710","3,741","3,809","3,748","3,831","3,762","3,305","2,842","2,669","2,519","1,995","1,495"
1 ,"1,582","1,055",771,588,561,742,"1,057","1,268","2,004","2,476","2,744","2,712","3,077","3,529","3,424","3,405","3,602","3,433","3,088","2,833","2,871","3,319","2,849","2,170"
7 ,"1,536","1,060",802,714,836,"1,333","1,953","2,070","2,547","3,044","3,876","4,350","3,864","3,954","4,344","4,725","4,241","4,977","4,108","3,051","3,006","3,379","2,944","2,286"
6 ,"1,241",963,730,652,964,"1,706","2,307","2,881","2,911","2,991","3,153","3,448","3,983","4,043","4,492","4,007","4,600","4,546","4,286","3,846","3,888","3,644","3,119","2,204"
5 ,"1,302",909,725,735,845,"1,363","1,950","2,564","2,976","2,413","2,572","3,012","3,118","3,696","3,668","2,949","3,173","3,877","4,124","3,124","3,135","2,889","2,469","1,739"
4 ,"1,304",892,708,703,902,"1,419","2,110","2,852","3,062","2,778","3,034","3,124","3,777","3,750","3,799","4,173","4,359","4,129","3,456","3,022","2,850","2,733","2,231","1,728"
3 ,"1,253",954,704,687,953,"1,782","2,489","3,208","3,060","2,968","3,156","3,676","3,872","4,026","4,227","4,303","4,206","4,418","3,756","3,356","3,055","2,765","2,306","1,704"
2 ,"1,458",931,710,666,"1,062","2,103","2,782","3,634","3,219","3,012","3,281","3,819","3,983","4,083","4,287","4,249","4,207","3,957","3,722","3,199","2,973","2,749","2,329","1,651"
1 ,"1,608","1,092",713,542,560,825,"1,308","1,557","2,087","3,196","3,873","4,173","4,098","4,496","4,544","4,588","4,248","3,995","3,674","3,398","3,390","3,465","3,395","2,438"
7 ,"1,562","1,066",811,731,875,"1,397","1,968","2,124","2,591","3,172","4,309","4,261","4,316","4,083","4,719","4,531","5,354","5,219","4,334","3,651","3,440","3,829","3,293","2,494"
6 ,"1,301",941,753,768,"1,045","1,822","2,547","3,051","3,025","3,137","3,365","3,962","4,387","4,556","4,973","4,789","5,042","5,494","4,615","4,324","4,078","3,880","3,255","2,194"
5 ,"1,361",983,736,712,"1,100","1,873","2,631","3,255","3,098","3,090","3,402","4,026","4,137","4,343","4,707","4,734","4,438","4,766","3,938","3,473","3,241","3,253","2,627","1,834"
4 ,"1,286",942,740,702,"1,040","1,760","2,369","2,997","3,146","3,080","3,362","3,794","3,900","4,041","4,369","4,653","5,622","4,726","3,757","3,403","3,130","2,877","2,479","1,896"
3 ,"1,329",882,671,735,923,"1,686","2,416","3,156","2,835","3,169","3,514","3,778","4,028","3,869","4,101","4,592","4,911","5,127","3,901","3,331","3,061","2,903","2,396","1,798"
2 ,"1,630",948,631,683,"1,075","2,107","2,973","3,879","3,540","3,242","3,980","4,639","4,450","4,172","4,006","4,087","4,807","4,515","3,505","3,278","3,103","2,757","2,327","1,757"
1 ,"1,476","1,061",695,517,564,780,"1,042","1,179","1,634","2,272","3,160","4,269","4,460","4,102","4,249","4,328","4,214","3,977","4,248","3,973","4,155","4,967","4,140","2,581"
7 ,"1,337",930,678,660,753,"1,249","1,907","2,285","2,412","3,736","3,941","4,456","3,834","4,052","4,319","4,738","4,834","4,364","3,785","3,585","2,823","2,420","2,213","1,839"
6 ,813,935,868,829,855,"1,249","1,842","2,740","2,886","2,784","2,731","3,425","4,225","4,600","4,789","5,206","5,052","5,530","4,531","4,192","3,894","3,822","2,862","1,987"
5 ,"1,358",997,774,717,"1,024","1,825","2,509","2,935","3,281","3,232","2,879","3,107","3,694","4,055","4,748","4,947","4,866","4,636","3,810","3,386","3,279","2,984","2,274","1,548"
4 ,"1,263",953,743,699,946,"1,860","2,561","3,177","3,247","3,227","3,219","3,462","3,617","3,843","4,437","4,628","4,718","4,642","4,008","3,577","3,307","2,987","2,449","1,899"
3 ,"1,152",824,625,622,833,"1,597","2,182","2,439","2,780","2,808","3,375","3,752","3,889","3,978","4,432","4,638","4,660","5,168","4,182","3,636","3,352","3,097","2,531","1,806"
2 ,"1,616",975,745,756,"1,302","2,667","3,762","4,695","4,221","3,715","4,028","4,565","4,939","4,404","4,239","4,695","5,425","4,221","3,397","3,102","2,891","2,699","2,205","1,624"
1 ,"1,615",988,697,549,547,832,"1,332","1,653","2,435","3,545","4,757","5,304","5,281","5,420","5,483","4,932","4,658","4,543","4,387","4,816","4,964","5,394","4,533","2,851"
7 ,"1,647","1,153",875,791,971,"1,566","2,202","2,539","3,281","3,725","4,795","4,842","4,643","4,581","5,176","5,020","5,034","5,109","4,705","4,567","3,671","4,189","3,607","2,348"
6 ,"1,354","1,055",829,791,"1,173","1,933","2,724","3,785","3,791","3,775","4,268","4,631","4,879","5,343","6,008","6,175","6,787","5,969","5,281","5,019","5,048","4,652","3,734","2,478"
5 ,"1,419","1,032",745,706,"1,095","1,965","2,714","3,538","3,745","3,805","4,171","4,490","4,611","5,000","5,412","5,837","6,246","5,596","5,018","4,198","3,864","3,354","2,580","1,882"
4 ,"1,405",969,773,754,"1,063","1,911","2,628","3,668","3,841","3,746","4,268","4,503","4,586","4,864","5,413","5,764","6,122","6,038","4,933","3,853","3,504","3,099","2,516","1,821"
3 ,"1,255",940,727,759,"1,081","1,897","2,679","3,590","3,768","3,672","4,267","4,446","4,498","4,912","5,655","5,897","5,859","5,882","4,943","4,046","3,475","3,001","2,599","1,938"
2 ,"1,791","1,082",782,749,"1,315","2,713","3,631","4,796","4,154","3,823","4,103","4,456","4,321","4,786","4,820","5,520","5,915","5,694","4,503","3,761","3,441","3,073","2,388","1,818"
1 ,"1,676","1,093",680,554,553,877,"1,282","1,574","2,279","3,376","4,638","4,959","5,254","5,364","5,650","5,450","4,950","4,125","4,693","5,003","5,212","5,750","4,381","3,196"
7 ,"1,626","1,130",923,807,949,"1,594","2,235","2,519","3,431","4,445","4,984","4,922","4,516","4,615","4,600","5,119","5,057","5,210","4,243","4,488","3,900","4,249","3,594","2,445"
6 ,"1,445","1,005",841,789,"1,118","1,861","2,594","3,519","3,789","3,806","4,305","4,544","4,907","5,253","6,207","5,921","5,165","4,910","5,088","5,322","5,040","4,515","3,481","2,414"
5 ,"1,385","1,043",810,862,"1,102","1,922","2,692","3,435","3,797","3,941","3,983","4,205","4,343","4,917","5,547","5,796","6,250","6,035","5,097","4,268","3,799","3,418","2,802","1,939"
4 ,"1,341",982,745,708,983,"1,828","2,419","3,281","3,598","3,534","3,770","4,174","4,190","4,646","5,225","5,527","5,478","5,686","5,007","4,282","3,787","3,311","2,582","1,931"
3 ,"1,208",963,727,737,"1,011","1,758","2,513","3,306","3,452","3,886","4,265","4,346","4,306","4,610","5,129","5,443","5,988","5,902","4,867","4,014","3,671","3,116","2,596","1,824"
2 ,"1,632","1,037",678,723,"1,171","2,417","3,180","4,198","3,695","3,490","3,795","4,120","3,928","4,061","3,971","4,945","4,977","4,933","4,220","3,764","3,348","2,998","2,352","1,757"
2 ,"2,649","1,494",896,699,859,"1,445","1,719","1,794","2,171","2,927","3,513","3,789","3,945","4,267","4,437","4,805","4,166","4,388","4,071","3,288","3,294","3,671","2,973","2,134"
1 ,"3,728","2,104","1,255",862,793,"1,026","1,547","2,167","3,007","4,055","4,564","4,681","4,955","5,081","4,878","4,865","5,121","5,186","4,438","4,268","4,275","4,808","4,008","4,147"
7 ,"3,484","2,367","1,739","1,209","1,147","1,544","2,409","3,187","4,018","4,728","5,107","5,149","5,109","5,050","5,360","5,181","4,423","4,517","3,947","4,150","4,287","4,888","4,701","5,212"
6 ,"4,153","4,927","4,657","3,037","2,158","2,572","3,415","3,990","4,924","5,244","5,567","5,512","5,470","5,764","5,558","5,259","5,362","5,601","4,602","5,233","5,017","4,991","4,439","4,160"
5 ,"4,188","4,348","3,748","2,716","2,382","2,826","3,724","3,993","4,814","5,125","5,244","5,339","5,460","5,488","5,324","4,422","4,998","4,779","3,967","4,231","4,141","4,926","4,856","4,777"
4 ,"1,160",921,597,515,595,"1,278","3,058","3,583","3,103","4,413","5,677","4,984","5,343","5,012","4,549","3,681","4,506","4,432","4,157","3,863","4,132","4,908","4,562","4,626"
3 ,"1,454","1,120",844,691,683,929,"1,380","1,974","3,144","4,367","4,980","5,020","4,674","4,639","4,955","4,689","5,133","5,173","4,228","3,422","2,970","2,954","2,529","1,695"
2 ,"1,201",856,683,669,706,"1,010","1,353","1,946","1,978","2,682","3,652","4,222","4,307","4,594","3,665","5,418","5,047","5,729","5,015","4,075","3,673","3,309","2,485","2,112"
1 ,978,774,572,479,564,901,"1,213","1,409","1,852","2,550","3,110","3,329","3,539","3,712","4,022","4,213","4,125","3,935","3,508","3,023","2,511","2,451","2,029","1,486"
