1 ,290,253,199,201,226,364,510,626,769,975,"1,236","1,215","1,346","1,547","1,736","1,863","1,809","2,003","1,696","1,304","1,272","1,063",765,562
7 ,453,333,351,377,434,789,"1,164","1,405","1,454","1,695","1,861","1,896","1,811","1,904","2,128","2,799","3,052","2,319","1,592","1,210",983,827,592,439
6 ,416,358,320,329,521,"1,070","1,747","2,907","2,491","2,266","2,454","2,245","2,293","2,463","2,825","2,971","2,665","2,635","2,249","1,726","1,492","1,107",738,572
5 ,503,337,324,313,484,"1,161","2,052","3,103","2,456","2,072","2,124","2,176","2,034","2,518","2,618","2,581","2,334","2,190","1,803","1,335","1,007",877,647,568
4 ,"1,517","1,447","1,385",601,401,472,692,968,"1,095","1,145","1,504","1,897","1,706","1,903","2,484","3,092","2,234","1,687","2,035","2,026","1,628","1,882","1,214",918
3 ,"1,229","1,351","1,157",667,501,571,790,"1,132","1,174","1,725","2,618","3,026","2,114","2,063","2,576","2,257","1,513","2,241","2,232","2,689","2,485","2,463","2,266","2,337"
2 ,234,213,141,165,206,370,698,959,"1,045","1,387","3,128","2,745","2,680","1,689","1,578","2,475","2,099","1,977","2,410","2,184","2,317","2,110","1,907","1,843"
1 ,298,250,244,242,256,287,359,468,676,"1,094","1,504","1,998","1,416","1,580","1,681","1,523","1,678","1,339","1,080",801,747,609,464,320
7 ,464,379,375,355,423,546,633,768,803,936,"1,109","1,321","1,392","1,565","1,484","1,746","1,592","1,308","1,164",885,758,621,493,421
6 ,464,357,359,339,487,883,"1,466","2,672","2,883","2,258","2,357","2,179","2,299","2,382","2,965","3,003","2,223","2,221","2,142","1,456","1,162","1,025",788,524
5 ,450,366,350,362,532,"1,031","1,659","2,850","3,040","2,685","2,672","2,769","2,556","2,775","3,107","3,188","2,767","2,523","2,082","1,732","1,347",953,762,600
4 ,525,440,339,420,435,"1,017","1,725","2,932","2,787","2,500","2,366","2,131","1,850","2,475","3,154","3,247","3,294","2,783","2,369","1,966","1,273","1,028",797,638
3 ,505,424,396,378,540,"1,097","1,714","3,081","2,873","2,426","2,678","2,314","2,385","2,563","3,052","2,896","3,052","2,598","2,242","1,839","1,377","1,018",763,681
2 ,442,337,315,370,557,"1,386","2,440","3,617","3,209","2,163","2,178","2,397","2,274","2,300","2,652","2,737","2,583","2,385","1,858","1,434","1,141",963,772,673
1 ,333,287,255,248,313,431,627,765,911,"1,196","1,721","2,043","1,999","2,427","2,404","2,578","2,666","2,116","1,991","2,413","1,982","1,465","1,110",748
7 ,468,348,351,366,465,803,"1,110","1,384","1,501","1,838","2,026","2,328","2,275","2,221","2,893","2,934","2,613","2,737","2,407","2,075","1,589","1,303",748,511
6 ,500,330,344,385,482,"1,090","1,654","2,952","2,716","2,409","2,457","2,490","2,362","2,708","3,175","3,469","3,577","2,656","2,637","2,061","1,851","1,414",840,654
5 ,482,344,312,350,516,"1,066","1,730","2,787","2,730","2,579","2,493","2,345","2,191","2,343","3,016","2,954","3,209","2,809","2,906","2,375","1,615",930,813,599
4 ,479,344,304,328,500,"1,102","1,751","2,823","2,755","2,372","2,221","1,930","2,264","2,494","2,422","2,838","2,824","2,329","2,082","1,681","1,245",958,744,623
3 ,441,313,315,357,476,"1,045","1,897","3,021","2,784","2,406","2,434","2,302","2,072","2,415","2,780","2,819","2,997","2,203","2,306","1,586","1,248",958,725,562
2 ,531,335,329,325,568,"1,378","2,427","3,500","3,137","2,395","2,434","2,145","2,020","2,288","2,526","2,650","2,739","2,655","1,940","1,512","1,175",918,716,588
1 ,380,250,205,267,246,429,611,708,878,"1,347","1,778","2,007","2,178","2,789","2,618","2,173","2,100","1,937","2,039","2,209","2,363","2,406","2,046","1,230"
7 ,420,324,340,382,476,793,"1,164","1,303","1,362","1,836","1,885","1,653","2,028","2,418","2,909","2,723","2,215","2,404","2,289","2,174","1,754","1,553",950,681
6 ,443,326,344,372,480,"1,018","1,696","2,799","2,527","2,332","2,356","2,351","1,990","2,643","3,112","2,817","3,025","2,684","2,708","2,484","1,915","1,500",850,615
5 ,473,358,314,382,504,951,"1,762","2,854","2,705","2,392","2,359","2,255","2,002","2,561","2,631","3,142","3,117","2,929","2,536","1,634","1,244",913,709,541
4 ,454,353,343,350,545,"1,022","1,690","2,874","2,749","2,387","2,264","2,062","2,034","2,251","2,589","2,779","2,791","2,735","2,205","1,469","1,175",876,730,608
3 ,396,321,309,379,468,945,"1,692","2,830","2,654","2,284","2,250","2,355","2,153","2,295","2,616","2,590","2,445","2,621","2,131","1,620","1,140",861,664,577
2 ,439,360,323,341,546,"1,209","2,390","3,595","2,979","2,213","2,233","2,264","2,057","2,232","2,378","2,465","2,303","1,874","1,687","1,139",916,826,582,542
1 ,394,237,213,231,264,371,545,662,778,"1,022","1,606","2,047","2,153","2,325","2,711","2,781","2,583","2,416","2,296","2,248","2,692","2,088","1,192",749
7 ,458,357,376,360,429,782,"1,235","1,321","1,415","1,816","2,018","2,113","2,398","2,278","2,559","2,687","2,709","2,763","2,280","2,049","1,462",872,595,503
6 ,380,312,298,333,431,944,"1,618","2,678","2,491","2,223","2,367","2,084","2,083","2,378","2,562","2,764","2,996","2,439","2,858","2,286","1,986","1,397",885,616
5 ,359,301,286,314,496,889,"1,462","2,713","2,502","2,351","2,344","2,316","2,058","2,324","2,672","2,612","2,753","2,242","2,083","1,626","1,180",884,632,522
4 ,384,304,275,285,443,837,"1,441","2,620","2,448","2,209","2,117","2,086","2,017","2,168","2,730","2,722","2,743","2,374","1,853","1,283",979,853,698,522
3 ,337,312,287,322,439,828,"1,435","2,522","2,494","2,200","2,363","2,309","2,257","2,096","2,476","2,391","2,639","2,193","1,792","1,285",929,824,619,472
2 ,469,331,294,290,453,"1,147","2,035","3,192","3,049","2,453","2,346","2,165","2,332","2,602","2,382","2,447","2,232","2,208","1,754","1,106",870,776,585,452
1 ,307,240,195,199,235,352,498,616,771,"1,053","1,468","1,689","1,830","2,198","2,322","2,542","2,647","2,323","2,279","2,475","2,314","1,645",983,692
7 ,371,331,299,298,403,815,"1,247","1,404","1,367","1,789","2,053","2,263","2,072","2,102","2,448","2,602","2,605","2,597","2,111","1,589","1,217",939,747,519
6 ,267,247,224,224,304,506,983,"2,049","1,961","1,590","1,689","1,691","1,667","2,004","2,131","2,276","2,456","2,313","2,126","1,715","1,284","1,066",760,486
5 ,388,311,289,308,407,802,"1,381","2,540","2,434","2,076","2,016","2,036","1,806","1,981","2,252","2,254","2,049","1,875","1,664","1,093",814,596,446,368
4 ,417,344,306,343,480,"1,012","1,786","2,885","2,593","2,326","2,394","2,236","2,079","2,319","2,437","3,054","2,983","2,183","2,347","1,735","1,260",981,718,587
3 ,418,331,281,317,494,962,"1,642","2,824","2,766","2,353","2,428","2,260","2,021","2,325","2,791","2,395","2,641","2,192","2,148","1,520","1,174",822,729,61
2 ,449,301,309,322,561,"1,366","2,425","3,620","2,841","2,253","2,130","2,128","2,042","2,230","2,416","2,416","2,448","2,419","1,973","1,387","1,018",823,626,55
1 ,318,250,223,188,216,344,518,591,724,993,"1,431","1,591","1,593","1,921","2,390","2,323","2,292","2,325","2,173","1,894","1,839","1,672","1,222",79
7 ,435,326,317,330,440,761,"1,162","1,317","1,372","1,736","2,081","1,748","2,018","2,089","2,042","2,292","2,905","2,264","2,926","2,202","1,783","1,067",745,50
6 ,444,314,294,363,465,"1,010","1,752","2,751","2,567","2,362","2,359","2,509","2,254","2,286","2,695","3,175","3,001","2,493","2,644","2,241","1,741","1,210",894,58
5 ,410,283,279,308,427,"1,042","1,908","2,992","2,661","2,309","2,184","2,143","2,136","2,369","2,550","2,525","3,045","2,548","1,999","1,652","1,107",921,729,56
4 ,407,342,294,311,392,734,"1,083","1,244","1,236","1,390","1,693","1,792","1,659","1,792","1,968","2,184","2,094","2,296","1,972","1,369","1,235","1,095",806,65
3 ,459,357,324,378,499,"1,015","1,757","2,917","2,621","2,346","2,296","2,074","2,057","2,504","2,795","3,006","3,318","2,748","2,785","2,604","1,690","1,119",848,51
2 ,489,356,304,350,552,"1,253","2,263","3,497","2,749","2,358","2,278","2,168","2,086","2,272","2,358","2,747","2,465","2,290","2,074","1,576","1,182",897,645,54
1 ,350,253,189,174,232,377,459,618,709,997,"1,357","1,680","1,898","2,096","2,132","2,468","2,110","1,963","2,046","1,929","1,567","1,452","1,209",92
7 ,441,350,333,322,434,748,"1,118","1,379","1,269","1,415","1,864","1,890","1,771","1,738","2,244","2,176","2,309","2,403","1,799","1,329","1,168","1,018",834,54
6 ,411,328,310,316,489,916,"1,669","2,750","2,448","2,317","2,273","2,204","2,149","2,461","2,979","2,816","3,223","2,444","3,274","2,194","1,992","1,220",877,55
5 ,408,306,307,328,450,857,"1,717","2,662","2,481","2,242","2,356","2,313","2,174","2,345","2,755","2,810","2,711","2,634","2,066","1,593","1,105",901,680,47
4 ,450,321,280,303,433,902,"1,739","2,615","2,444","2,286","2,163","2,092","1,935","2,404","2,731","2,448","2,732","2,370","1,969","1,643","1,196","1,016",734,68
3 ,387,331,299,332,472,847,"1,786","2,650","2,360","2,285","2,455","2,261","2,136","2,382","2,627","2,460","2,803","2,410","1,957","1,561","1,102",805,661,52
2 ,540,377,312,323,497,"1,182","2,189","3,193","2,749","2,115","2,282","2,141","2,069","2,413","2,564","2,517","2,422","2,354","1,805","1,355","1,036",895,681,49
1 ,464,316,203,181,228,335,516,653,792,"1,180","1,653","2,044","2,078","2,131","2,449","2,521","2,178","1,901","2,217","2,063","1,652","1,870","1,364",115
7 ,489,344,304,315,388,625,917,"1,055","1,145","1,602","1,928","2,042","2,351","2,223","2,756","2,388","2,503","2,542","2,151","1,890","1,605","1,317","1,011",67
6 ,400,305,291,314,385,774,"1,320","1,873","1,901","1,900","2,116","2,262","2,176","2,555","2,949","3,337","3,169","2,977","2,048","2,451","1,678","1,541","1,167",74
5 ,399,282,310,308,451,849,"1,402","2,097","1,924","1,951","1,989","1,669","1,728","2,164","2,317","2,624","2,681","2,682","2,343","1,694","1,212","1,040",801,63
4 ,462,352,263,335,434,848,"1,459","1,993","2,154","2,047","1,899","1,940","1,884","2,271","2,484","2,397","2,399","2,906","2,449","1,961","1,398","1,045",820,76
3 ,443,327,300,334,459,891,"1,560","2,200","2,235","2,071","2,308","2,452","2,227","2,629","2,568","2,959","2,488","2,741","2,191","2,185","1,549","1,107",844,52
2 ,484,332,301,314,494,"1,170","2,122","2,972","2,387","2,153","2,270","2,285","2,145","2,314","2,882","2,588","2,304","2,645","2,037","1,845","1,283",932,735,53
1 ,301,253,174,170,204,331,530,698,778,"1,055","1,433","1,553","1,610","1,603","1,898","2,496","2,510","2,153","2,393","2,394","1,513","1,572","1,322",78
7 ,480,346,314,361,511,813,"1,333","1,419","1,382","1,526","1,657","1,754","1,757","1,955","2,141","2,697","2,194","2,146","1,996","1,534",992,855,715,48
6 ,429,358,320,336,523,"1,045","1,774","2,844","2,558","2,372","2,402","2,365","2,196","2,402","2,958","2,701","2,718","2,953","2,326","2,189","1,574","1,347","1,054",68
5 ,462,351,304,366,515,"1,083","1,849","2,894","2,631","2,467","2,369","2,285","2,209","2,300","2,634","2,736","2,422","2,610","1,801","1,506","1,102",927,687,40
4 ,448,361,299,332,509,999,"1,691","2,664","2,684","2,304","2,394","2,130","2,149","2,378","2,649","2,566","2,723","2,191","2,038","1,600","1,053",981,783,53
3 ,402,348,311,320,496,"1,020","1,784","2,931","2,586","2,313","2,402","2,269","2,186","2,306","2,775","2,731","2,506","2,044","1,822","1,473","1,065",856,654,67
2 ,468,336,317,309,556,"1,372","2,544","3,678","2,909","2,161","2,287","2,292","2,183","2,285","2,440","2,550","2,211","1,886","1,767","1,164","1,066",858,673,42
1 ,352,272,209,185,200,327,557,709,806,"1,082","1,533","1,640","1,594","1,938","1,932","2,297","2,063","2,218","2,014","1,636","1,616","1,446","1,126",775
7 ,468,352,300,326,431,819,"1,190","1,470","1,358","1,570","1,925","1,887","1,750","1,875","2,189","2,271","2,453","2,326","1,909","1,454","1,069",949,814,541
6 ,470,345,298,308,459,"1,026","1,706","2,960","2,594","2,294","2,405","2,303","2,103","2,492","2,894","2,444","3,003","2,528","2,667","1,881","1,442","1,277",911,619
5 ,445,338,288,328,448,"1,027","1,776","2,750","2,564","2,217","2,276","2,058","2,060","2,278","2,543","2,600","2,560","2,531","1,959","1,558","1,144",869,692,641
4 ,422,364,282,324,470,"1,055","1,810","2,724","2,708","2,479","2,314","2,096","2,275","2,256","2,378","2,763","2,456","2,365","1,956","1,516","1,015",881,652,552
3 ,377,305,318,352,457,"1,059","1,804","2,937","2,567","2,276","2,510","2,297","2,071","2,124","2,756","2,799","2,769","2,076","2,033","1,512","1,012",823,728,550
2 ,536,327,309,324,515,"1,381","2,444","3,751","2,909","2,272","2,283","2,179","2,118","2,192","2,493","2,537","2,511","2,265","1,800","1,297","1,016",786,669,539
1 ,327,272,211,195,244,370,485,724,816,"1,030","1,453","1,643","1,679","1,998","2,235","2,171","2,466","2,362","2,000","1,763","1,763","1,638","1,306",844
7 ,463,347,321,366,458,824,"1,269","1,398","1,425","1,382","1,881","2,040","1,807","1,894","2,187","2,174","2,366","2,546","1,848","1,508","1,179","1,097",760,510
6 ,444,353,303,335,479,"1,079","1,750","2,887","2,601","2,294","2,400","2,360","2,208","2,484","2,727","2,948","2,508","2,605","2,470","2,530","1,526","1,380",905,627
5 ,468,310,284,322,457,972,"1,791","2,776","2,678","2,264","2,320","2,257","2,376","2,444","2,763","2,709","2,602","2,347","2,292","1,635","1,176",913,727,609
4 ,450,355,300,321,495,"1,036","1,696","2,814","2,686","2,416","2,352","2,325","1,980","2,290","2,530","2,777","2,693","2,702","2,207","1,394","1,036",857,722,472
3 ,354,336,274,301,431,986,"1,569","2,784","2,468","2,274","2,224","2,118","2,040","2,137","2,451","2,394","2,557","2,280","1,890","1,354",951,844,671,512
2 ,518,339,301,285,531,"1,260","2,261","3,395","3,170","2,358","2,127","1,978","1,941","2,044","2,179","2,687","2,435","1,978","1,664","1,097",847,703,590,489
1 ,360,258,225,164,237,369,547,633,735,"1,061","1,407","1,633","1,643","1,889","2,510","2,339","2,132","1,806","2,313","2,350","1,782","1,741","1,236",746
7 ,399,353,304,336,427,818,"1,219","1,331","1,352","1,671","1,846","2,293","1,976","2,063","2,451","2,540","2,728","2,363","2,231","1,348","1,151","1,047",818,560
6 ,413,321,306,297,475,"1,009","1,748","2,760","2,489","2,270","2,418","2,318","2,229","2,461","2,845","3,501","3,145","3,182","2,770","2,529","1,793","1,269",861,580
5 ,366,320,314,303,405,843,"1,365","2,012","1,849","1,803","1,781","1,877","1,944","2,166","2,525","2,833","2,491","2,511","1,855","1,580","1,024",881,716,516
4 ,362,275,284,262,398,754,"1,214","1,914","1,832","1,722","1,626","1,632","1,480","1,661","1,801","2,028","1,872","1,885","1,386","1,213",872,710,621,486
3 ,351,281,259,259,379,789,"1,217","1,958","1,851","1,699","1,680","1,619","1,510","1,578","1,799","1,785","1,576","1,642","1,329","1,026",735,660,581,418
2 ,360,259,265,256,394,788,"1,441","2,402","1,914","1,489","1,590","1,568","1,440","1,546","1,695","1,554","1,695","1,525","1,263",880,729,612,528,414
7 ,365,293,267,289,394,577,837,947,957,"1,287","1,411","1,429","1,299","1,394","1,617","1,790","1,778","1,451","1,643","1,094",752,679,487,402
6 ,355,325,256,277,385,755,"1,242","1,901","1,839","1,646","1,739","1,601","1,565","1,686","1,864","2,102","1,799","1,953","1,878","1,480","1,092","1,037",746,524
5 ,342,330,307,294,404,752,"1,200","1,963","1,900","1,717","1,694","1,643","1,448","1,712","2,114","1,996","2,043","1,727","1,373","1,154",883,681,605,429
4 ,337,295,283,265,382,711,"1,148","1,800","1,806","1,639","1,581","1,397","1,532","1,587","1,751","1,785","1,591","1,777","1,589","1,042",826,644,619,48
3 ,354,307,268,311,411,705,"1,121","1,894","1,797","1,624","1,658","1,462","1,401","1,382","1,822","1,952","1,948","1,705","1,377",891,697,638,515,32
2 ,461,332,281,295,443,"1,083","1,760","2,567","2,092","1,694","1,624","1,630","1,672","1,545","1,962","1,934","1,766","1,824","1,510","1,099",939,667,590,38
1 ,272,195,228,201,213,302,464,515,616,822,"1,116","1,273","1,270","1,348","1,545","1,654","1,718","1,677","1,718","1,841","1,408","1,245",993,68
7 ,411,315,289,290,391,638,929,999,"1,038","1,268","1,387","1,534","1,340","1,379","1,672","1,913","1,681","1,996","1,704","1,205",948,783,650,32
6 ,458,293,292,313,429,798,"1,240","1,853","1,839","1,687","1,882","1,787","1,808","2,075","2,252","2,546","1,991","2,278","2,070","1,608","1,257","1,014",837,45
5 ,439,313,250,292,427,764,"1,278","1,981","2,037","1,646","1,718","1,506","1,523","1,676","2,266","2,369","1,985","1,681","1,698","1,131",903,733,613,51
4 ,372,344,275,290,412,791,"1,267","1,917","1,948","1,713","1,627","1,646","1,470","1,672","1,907","1,918","1,934","1,960","1,517","1,152",848,693,577,36
3 ,419,404,305,329,436,812,"1,192","1,913","1,990","1,706","1,633","1,630","1,605","1,736","1,780","1,898","1,988","1,711","1,572","1,101",815,668,566,31
2 ,432,336,241,305,443,"1,038","1,926","2,677","2,281","1,859","1,847","1,708","1,567","1,854","1,927","2,155","2,009","1,918","1,689","1,253",888,607,485,41
1 ,290,225,187,201,196,310,484,501,654,894,"1,172","1,383","1,293","1,480","1,932","1,993","1,933","1,846","1,851","2,044","1,525","1,238",963,76
7 ,371,285,295,259,346,650,890,"1,103","1,157","1,313","1,345","1,465","1,388","1,379","1,761","2,114","2,080","2,141","1,575","1,326",976,828,665,41
6 ,382,330,287,298,391,831,"1,324","2,002","1,996","1,844","2,037","1,836","1,700","2,005","2,426","2,502","2,494","2,243","2,195","1,994","1,387","1,041",817,62
5 ,356,260,258,313,406,894,"1,494","2,218","2,206","1,961","1,908","1,743","1,688","1,933","2,115","2,138","2,209","1,726","1,719","1,280",909,734,640,59
4 ,365,291,244,270,343,653,885,"1,067","1,114","1,265","1,416","1,338","1,162","1,232","1,492","1,474","1,318","1,242","1,141",957,778,662,594,45
3 ,368,302,269,325,425,820,"1,279","1,992","2,082","1,814","2,026","1,979","1,684","2,072","2,272","2,635","2,407","1,923","2,137","1,804","1,107",763,638,45
2 ,384,292,257,309,426,"1,113","1,857","2,666","2,310","1,882","1,950","1,890","1,637","1,710","2,197","2,142","2,009","1,614","1,317","1,025",726,660,547,39
1 ,293,244,192,177,228,288,417,455,593,802,"1,187","1,287","1,122","1,346","1,776","1,959","1,803","1,716","1,792","1,469","1,389","1,103",906,74
7 ,355,305,260,323,400,624,975,"1,025","1,135","1,229","1,487","1,592","1,330","1,451","1,798","2,088","1,931","2,269","1,491",975,847,766,601,30
6 ,371,329,279,350,413,831,"1,310","1,986","1,974","1,863","2,035","1,893","1,838","1,989","2,392","2,490","2,495","2,001","2,155","1,862","1,322","1,047",759,61
5 ,347,260,246,273,383,845,"1,514","2,286","2,075","1,888","1,942","1,818","1,750","1,848","2,089","2,332","2,227","1,863","1,731","1,167",907,722,595,49
4 ,332,303,279,295,345,629,929,972,"1,019","1,253","1,392","1,383","1,136","1,155","1,371","1,286","1,511","1,547","1,321",950,866,784,639,51
3 ,394,326,266,296,450,843,"1,355","2,050","2,011","1,880","1,957","1,930","1,850","1,945","2,337","2,178","2,401","2,096","2,069","1,632","1,110",813,738,67
2 ,454,350,246,298,465,"1,041","1,872","2,618","2,226","1,767","1,826","1,843","1,691","1,791","1,983","1,984","2,120","1,878","1,511","1,078",797,683,606,58
1 ,283,233,188,175,216,346,488,537,650,906,"1,229","1,324","1,285","1,365","1,762","2,067","1,710","1,642","1,568","1,599","1,339","1,295","1,008",57
7 ,365,306,314,290,359,652,983,"1,060","1,175","1,223","1,455","1,555","1,426","1,502","1,893","2,033","2,199","2,202","1,861","1,275",952,821,603,35
6 ,350,285,273,308,397,835,"1,345","1,975","1,933","1,856","1,952","1,795","1,717","1,803","2,236","2,594","2,204","2,497","2,094","1,603","1,251",981,724,50
5 ,362,282,272,305,419,837,"1,425","2,075","2,024","1,817","1,751","1,809","1,624","1,669","1,999","2,007","2,039","1,806","1,722","1,174",886,700,627,51
4 ,354,307,264,296,413,746,"1,301","1,989","2,041","1,914","1,946","1,776","1,657","1,882","2,167","2,140","2,224","1,775","1,669","1,280",875,741,600,43
3 ,380,290,250,291,419,787,"1,309","1,994","2,000","1,878","1,962","1,915","1,791","1,895","2,103","2,419","2,321","1,766","1,658","1,096",917,762,609,32
2 ,428,317,272,310,427,"1,021","1,832","2,590","2,239","1,787","1,775","1,924","1,694","1,742","1,923","1,757","1,660","1,558","1,630","1,400","1,179",695,559,46
1 ,332,244,201,178,210,313,472,472,617,926,"1,129","1,229","1,238","1,265","1,695","1,938","1,475","1,974","1,697","1,596","1,444","1,170",959,57
7 ,372,312,276,307,384,632,979,"1,012","1,109","1,378","1,446","1,614","1,429","1,558","1,790","2,362","2,252","2,364","1,732","1,278",918,861,622,49
6 ,420,319,276,326,406,781,"1,321","2,001","1,921","1,907","1,918","1,784","1,855","1,924","2,394","2,276","2,594","1,963","1,921","1,552","1,454","1,019",695,40
5 ,350,294,279,302,388,788,"1,372","2,022","2,034","1,937","1,928","1,893","1,733","1,872","2,175","2,437","2,156","1,954","1,506","1,218",919,749,605,36
4 ,348,295,234,272,384,798,"1,443","2,288","1,956","1,848","1,885","1,825","1,667","1,817","1,868","2,151","2,149","1,700","1,621","1,204",873,658,585,477
3 ,352,291,251,271,335,567,814,968,971,"1,171","1,265","1,346","1,259","1,367","1,574","1,966","1,990","1,789","1,703","1,272","1,291","1,032",703,503
2 ,402,296,292,285,409,962,"1,698","2,263","1,878","1,615","1,781","1,913","1,737","1,802","1,979","2,253","2,037","2,221","2,035","1,717","1,228",854,637,440
1 ,315,218,198,196,217,328,474,510,653,884,"1,222","1,304","1,228","1,454","1,856","2,138","1,863","1,962","1,741","1,631","1,471","1,352",969,632
7 ,384,306,269,285,378,606,953,"1,028","1,051","1,309","1,417","1,516","1,402","1,408","1,830","1,855","2,121","1,890","1,896","1,224","1,068",850,694,465
6 ,374,19,-,-,-,-,-,-,-,"1,802","1,997","1,882","1,806","1,996","2,197","2,235","2,524","2,170","2,076","1,839","1,484",991,727,540
5 ,346,273,248,278,352,620,"1,000","1,689","1,907","1,946","1,910","1,713","1,606","1,659","1,957","2,228","1,883","1,680","1,501","1,120",815,673,550,35
4 ,39,-,-,-,-,524,"1,091","1,871","1,971","1,897","1,854","1,594","1,495","1,651","2,177","2,279","1,890","1,734","1,287",949,731,637,495,36
2 ,407,307,261,280,446,966,"1,758","2,631","2,081","1,572","1,931","1,712","1,683","1,668","1,925","1,935","2,027","1,858","1,550","1,142",834,676,561,43
1 ,269,192,196,170,189,306,428,490,593,831,"1,091","1,215","1,154","1,362","1,481","1,762","1,618","2,118","2,056","1,517","1,206","1,082",842,53
7 ,368,284,260,307,374,539,752,922,"1,116","1,525","1,625","1,659","1,615","1,528","1,730","1,664","2,080","1,819","1,369","1,071",823,664,483,31
6 ,366,320,270,315,384,749,"1,219","1,940","1,915","1,898","1,919","1,907","1,702","1,833","2,212","2,601","2,198","2,300","2,206","1,564","1,224",941,741,53
5 ,361,5,140,306,395,802,"1,302","1,933","1,946","1,888","1,972","1,679","1,561","1,831","2,413","2,480","2,550","2,055","1,672","1,227",902,699,577,44
4 ,391,342,295,301,409,755,"1,263","2,025","2,024","1,895","1,887","1,774","1,708","1,746","2,109","2,417","2,360","1,729","1,727","1,194",887,676,52,230
3 ,548,306,273,303,438,859,"1,646","2,452","2,124","1,837","1,862","1,879","1,749","1,756","2,172","2,185","2,185","1,905","1,670","1,294",929,660,609,42
2 ,607,344,246,262,367,706,"1,016","1,163","1,136","1,407","1,699","2,226","1,802","1,940","2,037","2,242","1,973","2,280","1,791","1,832","2,047","2,156","1,795",112
1 ,338,241,194,175,165,243,347,471,656,981,"1,490","1,614","1,668","1,533","2,109","2,055","1,975","1,858","1,920","1,842","1,828","1,729","1,495",92
7 ,383,297,259,278,334,610,797,914,954,"1,525","1,628","1,703","1,392","1,263","1,407","1,370","1,622","1,302","1,658","1,168","1,128",946,789,71
6 ,353,308,297,283,440,772,"1,237","1,929","1,986","1,967","1,872","1,737","1,677","1,966","2,293","1,973","2,461","2,437","2,622","2,052","1,911","1,612",972,56
5 ,345,267,261,275,418,768,"1,336","2,004","1,906","1,853","1,957","1,766","1,592","1,742","2,189","2,035","2,213","2,086","1,602","1,414",959,695,603,40
4 ,348,277,219,248,403,821,"1,339","2,166","2,101","1,851","1,870","1,858","1,621","1,704","1,897","1,920","2,007","1,690","1,465","1,133",802,617,511,37
3 ,375,257,243,241,298,468,785,"1,130","1,172","1,357","1,394","1,410","1,296","1,270","1,425","1,594","1,669","1,496","1,376","1,076",955,861,654,36
2 ,390,314,248,283,414,860,"1,665","2,510","2,009","1,764","1,807","1,927","1,676","1,751","2,078","2,113","2,083","2,057","1,860","1,433","1,419",900,616,41
1 ,356,213,173,178,205,300,493,546,720,"1,017","1,231","1,402","1,371","1,512","1,864","2,163","2,048","1,845","1,847","2,109","2,129","1,752",950,57
7 ,352,273,284,288,384,657,924,"1,088","1,184","1,214","1,354","1,609","1,279","1,338","1,471","2,196","1,955","2,627","1,955","1,182","1,138",816,667,40
6 ,353,314,273,294,415,749,"1,254","1,960","1,945","1,882","1,952","1,850","1,656","1,966","2,196","2,418","2,214","2,176","2,525","1,744","1,415","1,007",717,36
5 ,341,268,247,315,391,720,"1,337","2,004","1,996","1,915","2,011","1,858","1,616","1,744","2,022","2,190","2,073","2,003","1,395","1,270","1,001",740,624,51
4 ,346,302,264,290,436,765,"1,272","1,980","1,895","1,897","2,044","1,875","1,617","1,768","2,056","2,233","1,916","2,123","1,695","1,167",955,773,633,27
3 ,311,272,245,287,394,694,"1,115","1,877","1,927","1,835","1,919","1,765","1,542","1,742","2,013","2,158","2,085","1,955","1,508","1,147",857,645,540,34
2 ,392,266,228,265,415,814,"1,498","2,296","2,194","1,757","1,805","1,591","1,519","1,592","1,720","1,816","1,712","1,587","1,280",896,685,612,475,33
1 ,330,227,193,192,207,295,461,516,678,863,"1,263","1,484","1,978","2,069","2,078","2,228","2,189","1,949","2,177","2,026","2,053","1,590",818,52
7 ,347,289,259,294,351,634,878,"1,084","1,148","1,293","1,607","1,703","1,433","1,507","2,130","2,514","2,398","2,020","2,038","1,688","1,084",842,709,48
6 ,348,291,297,284,414,707,"1,229","2,025","1,883","1,803","1,913","1,798","1,644","1,787","2,086","2,072","2,391","2,062","2,196","2,010","1,308",913,664,47
5 ,344,266,262,295,397,777,"1,305","1,986","1,984","1,909","1,935","1,854","1,607","1,806","2,069","2,176","1,981","1,905","1,529","1,224",880,713,539,42
4 ,257,148,291,282,404,726,"1,237","1,940","1,896","1,972","1,957","1,874","1,697","1,774","2,080","2,144","1,873","1,934","1,535","1,402",949,645,566,39
3 ,368,279,256,292,400,722,"1,265","2,009","1,951","1,840","1,884","1,768","1,628","1,710","2,035","2,187","1,977","1,812","1,681","1,089",914,717,559,35
2 ,482,304,246,264,425,962,"1,789","2,751","2,253","1,815","1,793","1,737","1,590","1,725","1,940","1,974","2,049","1,733","1,660","1,151",848,673,581,35
1 ,255,203,175,175,180,293,446,536,664,885,"1,173","1,271","1,304","1,416","1,931","2,032","1,976","2,011","1,954","2,307","1,744","1,635",985,62
7 ,342,289,265,271,302,459,673,866,"1,110","1,277","1,379","1,525","1,493","1,469","1,805","1,751","2,132","1,771","1,317",943,781,691,508,29
6 ,371,297,260,303,414,712,"1,211","1,896","1,868","1,780","1,932","1,785","1,687","1,855","2,204","2,388","2,182","2,069","2,192","2,212","2,165","1,187",687,58
5 ,346,299,271,285,372,745,"1,190","1,978","2,004","1,917","1,958","1,608","1,515","1,785","2,178","2,134","2,313","1,907","1,658","1,254",934,678,536,49
4 ,362,300,258,270,390,692,"1,115","1,927","1,898","1,782","1,840","1,696","1,592","1,796","2,019","2,034","2,185","1,879","1,523","1,304",937,631,527,37
2 ,315,223,180,255,370,891,"1,648","2,516","2,188","1,801","1,795","1,699","1,518","1,646","1,756","1,830","1,929","1,634","1,545","1,129",770,662,546,365
4 ,366,261,276,279,376,650,"1,093","1,906","1,865","1,803","1,803","1,803","1,658","1,598","1,766","1,758","1,817","1,416","1,259",918,650,562,510,385
3 ,327,260,232,293,355,664,"1,174","1,875","1,980","1,772","1,821","1,671","1,472","1,804","2,012","1,999","1,969","1,917","1,473","1,100",852,685,547,426
2 ,435,300,239,290,417,810,"1,532","2,494","2,274","1,810","1,936","1,760","1,665","1,694","1,746","1,824","1,893","1,532","1,278","1,006",770,618,514,394
1 ,296,226,185,161,199,272,380,472,593,798,"1,075","1,224","1,125","1,319","1,645","1,645","1,785","1,818","1,639","1,809","1,633","1,151",881,615
7 ,367,281,244,283,343,539,805,995,"1,133","1,413","1,898","1,587","1,552","1,753","2,006","2,075","1,964","1,825","1,909","1,502",971,779,577,420
6 ,338,266,260,297,361,653,"1,110","1,875","1,826","1,833","1,919","1,828","1,722","1,811","2,249","2,018","1,971","2,019","2,006","1,629","1,296",905,675,437
5 ,345,283,266,294,357,590,961,"1,798","1,872","1,820","1,888","1,750","1,501","1,643","1,785","1,753","1,836","1,694","1,355",997,771,638,539,420
4 ,353,326,275,319,369,699,"1,097","1,928","1,877","1,809","1,880","1,823","1,656","1,797","2,058","2,100","2,059","1,958","1,661","1,338","1,000",684,577,432
3 ,373,300,251,308,381,701,"1,124","1,861","2,015","1,930","1,884","1,880","1,601","1,787","2,007","2,146","1,880","1,948","1,832","1,133",902,648,557,465
1 ,275,217,155,171,172,285,384,433,565,737,"1,063","1,202","1,140","1,207","1,487","1,718","1,584","1,865","1,399","1,394","1,116","1,044",845,623
7 ,361,277,239,252,340,487,746,963,"1,028","1,188","1,610","1,637","1,429","1,428","1,706","2,099","1,921","1,877","1,655","1,195",913,677,557,400
6 ,334,271,241,291,388,666,"1,046","1,846","1,883","1,787","1,898","1,817","1,675","1,812","2,026","2,225","2,091","2,061","1,660","1,571","1,240",928,674,459
5 ,335,277,264,293,368,616,932,"1,743","1,801","1,661","1,786","1,723","1,601","1,643","1,848","1,848","1,905","1,722","1,330",945,776,566,518,398
4 ,350,290,269,314,394,676,"1,019","1,883","1,810","1,782","1,939","1,750","1,710","1,698","2,054","2,176","1,940","1,733","1,379","1,052",839,623,500,427
3 ,369,277,262,291,405,669,"1,143","1,965","1,895","1,809","1,866","1,717","1,650","1,711","1,779","2,200","1,949","1,826","1,396","1,080",811,618,509,423
2 ,440,274,244,268,395,812,"1,376","2,243","2,214","1,825","2,002","1,821","1,621","1,696","1,786","1,756","1,799","1,660","1,365",958,751,678,542,451
1 ,291,201,149,182,199,238,330,427,542,684,963,"1,073","1,192","1,296","1,547","1,772","1,852","1,952","1,507","1,336","1,137",962,789,521
7 ,322,265,252,274,327,493,695,889,953,"1,232","1,538","1,614","1,340","1,421","1,742","1,984","2,146","1,958","1,770","1,476",922,723,553,402
6 ,279,236,226,268,353,620,"1,090","1,818","1,729","1,494","1,648","1,750","1,526","1,658","1,923","1,907","1,826","1,729","1,756","1,386","1,167",792,569,488
5 ,328,263,231,268,311,428,652,839,851,992,"1,315","1,413","1,250","1,265","1,595","1,763","1,654","1,853","1,374","1,102",859,704,558,429
4 ,365,303,267,279,372,614,"1,020","1,800","1,888","1,778","1,723","1,973","1,930","2,316","2,539","1,991","2,213","1,799","1,885","1,773","1,120",863,589,427
3 ,392,280,271,289,386,649,"1,081","1,882","1,893","1,889","1,952","1,872","1,717","1,831","1,993","2,333","2,137","2,088","1,721","1,075",879,653,538,465
2 ,369,272,273,270,402,828,"1,448","2,398","2,029","1,856","1,936","1,795","1,658","1,824","2,030","2,167","2,028","1,842","1,554","1,081",797,686,548,425
1 ,265,208,170,190,169,283,333,415,523,680,886,"1,083","1,161","1,285","1,546","1,553","1,708","1,839","1,586","1,326",980,920,727,511
7 ,356,271,271,265,336,483,701,929,"1,074","1,391","1,754","1,512","1,627","1,448","1,790","1,791","2,144","1,866","1,686","1,188",810,643,488,406
6 ,358,294,261,290,385,597,951,"1,741","1,810","1,764","1,859","1,751","1,730","1,784","2,082","2,321","2,231","1,859","1,894","1,764","1,160",855,602,413
5 ,393,273,283,288,380,660,"1,068","1,848","1,844","1,790","1,832","1,725","1,635","1,771","2,066","2,544","2,575","2,161","1,345","1,064",809,643,531,434
4 ,361,283,299,269,391,611,"1,023","1,807","1,830","1,722","1,877","1,738","1,606","1,652","1,872","2,048","1,909","1,824","1,620","1,052",801,618,557,393
3 ,392,305,269,289,373,710,"1,068","1,947","1,964","1,844","1,845","1,679","1,668","1,821","1,899","1,944","2,247","1,765","1,450","1,153",832,657,528,438
2 ,449,331,265,271,392,744,"1,278","2,073","1,713","1,424","1,541","1,631","1,531","1,709","2,031","1,765","2,052","2,222","1,575","1,138",861,655,584,465
1 ,972,717,565,335,282,291,390,529,639,857,"1,398","1,438","1,409","1,763","1,651","1,498","1,412","1,336","1,396","1,285","1,197",987,829,878
7 ,989,660,467,322,319,386,509,614,792,"1,222","1,977","2,205","1,995","1,738","1,929","2,105","2,711","2,120","1,834","1,855","1,569","1,874","1,812","1,718"
6 ,201,154,144,144,191,244,478,843,806,898,"1,653","2,224","2,276","2,243","1,503","1,381","1,571","1,753","1,416","1,677","1,755","1,497","1,553","1,441"
5 ,338,249,240,226,239,273,376,407,582,812,"1,184","1,402","1,271","1,088","1,185","1,113","1,232",910,722,550,525,418,364,277
4 ,375,298,287,287,360,521,820,"1,520","1,480","1,335","1,482","1,424","1,420","1,435","1,703","1,634","1,659","1,285","1,191","1,369",892,745,559,425
3 ,367,331,308,317,399,604,"1,041","1,826","2,114","1,867","2,027","2,039","1,838","1,969","2,160","2,481","2,065","2,538","1,632","1,449","1,185",785,619,462
2 ,349,307,257,289,360,743,"1,317","2,318","2,143","1,680","1,878","1,835","1,730","1,868","2,079","2,307","1,905","1,853","1,432","1,018",842,647,549,492
1 ,228,190,157,169,188,224,308,400,492,616,779,"1,006","1,049","1,006","1,302","1,409","1,340","1,125",878,895,765,782,656,512
7 ,347,281,247,289,326,507,717,903,"1,032","1,241","1,493","1,659","1,406","1,376","1,549","1,777","1,833","1,824","1,510",910,738,579,483,328
6 ,341,263,242,248,364,591,861,"1,509","1,847","1,825","1,998","1,908","1,663","1,840","2,116","2,355","2,257","2,054","1,848","1,653","1,385",899,647,499
5 ,356,269,260,260,359,614,"1,007","1,788","1,838","1,831","2,014","1,833","1,713","1,845","1,932","1,911","2,097","1,981","1,592","1,101",847,671,537,470
4 ,314,294,276,262,379,659,925,"1,758","1,752","1,681","1,761","1,928","1,741","1,693","1,980","2,219","2,113","1,701","1,598","1,012",738,595,515,445
3 ,338,282,239,266,377,658,929,"1,790","1,800","1,645","1,833","1,711","1,569","1,651","1,846","2,098","1,803","1,562","1,514","1,064",796,631,523,458
2 ,348,267,246,262,381,790,"1,393","2,347","1,977","1,660","1,690","1,716","1,622","1,669","1,759","1,810","1,720","1,637","1,335",894,679,577,508,407
1 ,248,198,139,165,181,226,306,377,446,590,835,"1,085","1,089","1,090","1,314","1,436","1,556","1,468","1,146",947,876,798,668,476
7 ,345,264,256,275,335,457,655,865,979,"1,243","1,513","1,647","1,270","1,491","1,502","1,632","1,938","1,608","1,582","1,030",797,600,474,340
6 ,324,280,241,322,388,647,997,"1,741","1,801","1,696","1,778","1,775","1,716","1,805","2,064","2,220","1,970","1,815","1,729","1,474","1,262",935,621,437
5 ,318,283,248,282,359,593,"1,048","1,847","1,860","1,681","1,864","1,873","1,673","1,657","1,849","2,010","2,220","1,738","1,450",922,809,607,533,428
4 ,351,262,243,20,358,585,943,"1,762","1,758","1,715","1,744","1,689","1,522","1,654","1,850","1,843","1,835","1,862","1,376",990,718,587,500,403
3 ,341,278,246,278,386,568,965,"1,809","1,801","1,690","1,823","1,797","1,622","1,824","1,944","2,084","2,067","1,621","1,337",920,768,571,516,426
2 ,355,262,223,290,367,793,"1,388","2,347","1,891","1,512","1,604","1,616","1,576","1,649","1,768","1,635","1,906","1,710","1,308",899,712,567,498,406
1 ,261,191,166,159,179,215,298,360,482,583,855,"1,043",970,"1,161","1,413","1,643","1,819","1,498","1,283","1,050",996,878,707,505
7 ,312,251,247,258,287,419,584,760,833,"1,023","1,490","1,555","1,500","1,469","1,631","1,737","1,724","1,745","1,408",955,786,589,469,372
6 ,317,281,261,259,335,550,843,"1,618","1,627","1,537","1,738","1,626","1,584","1,506","2,168","2,353","2,203","1,795","1,644","1,363","1,055",928,586,435
5 ,294,245,203,287,335,537,891,"1,660","1,682","1,593","1,563","1,805","1,524","1,645","1,848","1,875","1,874","1,707","1,451",955,730,553,495,398
4 ,346,254,247,276,371,547,891,"1,655","1,701","1,629","1,692","1,730","1,552","1,620","1,635","2,041","1,854","1,725","1,293",953,704,577,486,403
3 ,245,177,184,210,292,554,931,"1,742","1,796","1,666","1,709","1,789","1,591","1,694","1,846","1,792","1,759","1,688","1,358",946,704,548,461,324
1 ,294,215,178,156,198,256,317,348,465,637,822,"1,048","1,031","1,197","1,375","1,623","1,587","1,696","1,411","1,246",979,898,740,541
7 ,340,254,236,270,335,465,683,840,973,"1,151","1,434","1,897","1,567","1,469","1,732","1,956","2,053","1,950","1,611","1,106",776,620,480,29
6 ,344,287,254,296,365,640,"1,004","1,724","1,790","1,736","1,875","1,788","1,601","1,741","2,074","1,717","2,305","2,375","1,709","1,646","1,136",833,638,422
5 ,342,277,279,291,357,601,"1,006","1,715","1,806","1,823","1,738","1,767","1,643","1,739","1,869","1,975","2,018","2,007","1,460","1,118",748,623,534,456
4 ,323,272,264,272,374,571,958,"1,731","1,892","1,759","1,757","1,673","1,620","1,812","1,837","2,020","2,040","1,690","1,561","1,016",711,587,509,456
3 ,306,288,268,296,372,647,"1,054","1,853","2,039","1,823","1,907","1,733","1,544","1,743","1,888","2,065","1,889","1,587","1,409",908,757,579,512,384
2 ,361,295,229,278,379,756,"1,446","2,319","2,131","1,683","1,676","1,787","1,654","1,698","1,881","2,190","1,951","1,724","1,478",983,747,623,536,434
1 ,235,211,153,171,160,232,315,336,445,606,800,"1,029",994,"1,095","1,279","1,640","1,765","1,573","1,325","1,075",935,876,728,550
7 ,308,230,227,262,290,445,674,818,894,"1,146","1,324","1,505","1,241","1,343","1,508","1,852","1,820","1,816","1,268",826,655,555,406,352
6 ,294,268,246,244,348,546,868,"1,667","1,673","1,587","1,610","1,757","1,669","1,741","2,113","2,161","2,348","1,817","1,952","1,340","1,287",801,576,402
5 ,322,267,219,264,360,545,894,"1,656","1,682","1,636","1,667","1,684","1,488","1,685","1,705","1,879","1,809","1,749","1,310",940,750,580,498,29
4 ,300,296,312,270,342,563,920,"1,574","1,792","1,687","1,606","1,665","1,516","1,651","1,789","2,005","2,420","2,095","1,452",949,722,548,498,408
3 ,349,265,269,275,357,588,"1,023","1,746","1,882","1,772","1,768","1,655","1,625","1,755","1,867","1,929","1,794","1,585","1,293",887,708,537,489,396
2 ,394,302,254,284,381,796,"1,448","2,262","2,018","1,564","1,718","1,663","1,615","1,688","1,853","1,857","1,757","1,679","1,253",882,649,565,488,354
1 ,255,196,174,159,174,251,298,365,418,625,865,"1,008","1,016","1,184","1,313","1,579","1,518","1,467","1,243",946,862,801,638,507
7 ,334,276,242,241,337,431,723,831,941,"1,157","1,479","1,478","1,330","1,386","1,521","1,773","1,779","2,011","1,299",939,741,581,443,329
6 ,295,275,205,272,353,536,852,"1,439","1,549","1,454","1,641","1,650","1,527","1,604","2,034","2,226","2,398","1,827","1,577","1,264","1,018",791,633,431
5 ,310,252,230,270,353,538,864,"1,486","1,564","1,444","1,600","1,575","1,477","1,532","1,685","1,699","1,581","1,547","1,220",879,651,556,455,375
4 ,336,268,239,248,344,629,879,"1,482","1,517","1,436","1,503","1,535","1,410","1,543","1,688","1,667","1,497","1,427","1,140",812,675,542,430,400
3 ,356,243,223,230,363,661,"1,102","1,769","1,575","1,202","1,328","1,366","1,298","1,403","1,612","1,518","1,465","1,399","1,116",802,660,567,480,370
2 ,226,264,200,205,229,273,325,287,396,501,855,"1,104","1,496","1,756","2,124","1,824","2,019","1,878","1,817","1,722","1,637","1,245",840,552
1 ,241,158,141,144,164,204,261,330,395,579,859,"1,235","1,090","1,147","1,473","1,682","1,954","1,761","1,316",803,675,504,433,283
7 ,291,242,208,236,272,368,583,663,747,916,"1,109","1,558","1,359","1,278","1,719","1,855","1,932","1,823","1,493","1,119",703,540,411,305
6 ,341,305,260,283,295,575,862,"1,268","1,432","1,354","1,456","1,508","1,607","1,693","1,971","2,119","1,890","1,824","1,569","1,294",964,688,537,405
5 ,326,281,267,255,350,558,919,"1,517","1,548","1,552","1,613","1,638","1,494","1,611","1,860","2,298","1,906","1,492","1,329","1,140",805,637,518,386
4 ,316,245,233,276,349,558,903,"1,478","1,588","1,472","1,619","1,616","1,500","1,634","1,842","1,596","1,741","1,646","1,088",867,694,612,485,419
3 ,366,233,221,272,374,681,"1,183","1,870","1,876","1,617","1,612","1,592","1,637","1,687","1,829","2,104","1,770","1,639","1,172",844,662,557,491,398
2 ,257,216,185,193,239,329,475,516,488,594,763,"1,023","1,185","1,428","1,788","1,612","1,442","1,416","1,630","1,308",925,817,632,476
1 ,261,185,179,170,185,198,302,369,481,649,996,"1,196","1,240","1,287","1,462","1,657","1,767","1,433","1,119",790,664,578,470,356
7 ,384,295,271,290,347,460,769,878,889,"1,192","1,450","1,742","1,366","1,528","1,896","1,927","2,126","1,868","1,660","1,395",776,652,499,345
6 ,332,247,217,266,356,580,902,"1,555","1,622","1,674","1,804","1,789","1,678","1,932","2,215","2,153","2,282","2,174","1,896","1,623","1,152","1,537",979,478
5 ,323,271,223,268,331,557,932,"1,562","1,553","1,554","1,574","1,553","1,478","1,718","1,737","2,112","1,885","1,839","1,327","1,017",771,579,512,398
4 ,311,236,232,269,337,569,816,"1,526","1,635","1,608","1,717","1,652","1,598","1,772","1,895","2,086","2,291","2,182","1,357",876,829,631,499,418
3 ,323,280,265,308,398,627,"1,004","1,792","1,856","1,687","1,864","1,867","1,732","1,803","1,916","2,162","2,214","1,806","1,321",927,727,584,529,405
2 ,319,263,215,236,336,693,"1,205","1,978","1,828","1,427","1,584","1,630","1,443","1,667","1,811","1,803","1,700","1,546","1,335",877,728,596,502,443
1 ,297,214,195,172,190,253,296,356,489,656,885,"1,031","1,328","1,324","1,374","1,593","2,070","1,719","1,352","1,147",952,822,724,512
7 ,368,284,245,242,290,414,714,931,944,"1,229","1,710","1,712","1,603","1,580","1,922","1,977","2,264","2,206","1,786","1,271",884,672,530,389
6 ,335,305,249,273,386,653,951,"1,495","1,498","1,564","1,815","1,793","1,757","1,983","2,220","2,455","2,414","2,347","1,952","1,550","1,270",845,596,464
5 ,316,260,226,268,329,533,869,"1,495","1,535","1,525","1,642","1,741","1,631","1,801","2,074","2,226","2,322","1,875","1,615","1,082",787,654,534,433
4 ,332,289,268,267,340,568,853,"1,486","1,535","1,471","1,718","1,795","1,574","1,749","1,861","1,918","2,356","1,780","1,462",923,741,627,536,405
3 ,330,267,255,263,349,601,832,"1,401","1,585","1,530","1,634","1,675","1,604","1,679","1,842","2,038","1,930","1,675","1,397",958,738,609,501,412
2 ,399,280,226,265,409,793,"1,501","2,375","1,983","1,680","1,733","1,675","1,642","1,797","2,075","1,854","2,006","1,764","1,303",925,726,618,533,408
1 ,293,231,195,165,176,232,363,410,508,758,"1,110","1,295","1,364","1,442","1,704","1,801","1,767","1,714","1,381","1,067",908,860,688,515
7 ,341,289,265,262,304,500,725,937,"1,036","1,298","1,605","1,686","1,648","1,537","1,748","2,164","1,864","2,087","1,888","1,248",861,623,551,402
6 ,318,301,273,290,364,700,"1,034","1,768","1,878","1,691","1,823","1,796","1,768","1,851","2,161","2,441","2,242","2,250","2,106","1,683","1,236",945,682,447
5 ,340,293,251,277,334,616,971,"1,768","2,039","1,785","1,770","1,761","1,607","1,656","1,895","1,772","1,756","1,728","1,709","1,124",817,655,596,447
4 ,361,301,276,296,355,595,961,"1,760","1,952","1,734","1,804","1,710","1,657","1,717","2,042","2,009","1,948","1,657","1,360",992,738,627,532,406
3 ,364,306,255,281,371,691,"1,145","1,752","1,983","1,735","1,897","1,793","1,626","1,769","1,975","2,039","2,161","1,760","1,298","1,030",808,628,531,408
2 ,399,267,227,278,443,911,"1,547","2,535","2,233","1,699","1,723","1,779","1,661","1,680","1,904","1,953","1,775","1,725","1,263",936,738,638,555,437
1 ,295,223,179,194,191,271,393,470,619,814,"1,196","1,416","1,296","1,583","1,840","2,277","1,846","1,937","1,665","1,803","1,516","1,067",824,599
7 ,352,297,264,274,350,539,835,930,"1,066","1,258","1,455","1,752","1,711","1,706","2,099","2,407","1,935","2,358","1,976","1,194",982,719,639,428
6 ,346,290,256,306,390,711,"1,116","1,860","1,863","1,785","1,842","1,826","1,696","1,945","2,360","2,253","2,448","1,845","1,560","1,637","1,055",855,651,462
5 ,370,306,260,282,384,694,"1,116","1,858","1,878","1,751","1,906","1,829","1,693","1,761","1,957","2,181","2,589","1,814","1,681","1,275",826,665,588,417
4 ,361,286,275,264,383,707,995,"1,826","1,904","1,867","1,895","1,729","1,589","1,737","2,105","2,108","2,503","2,234","1,387","1,119",794,598,578,476
3 ,344,286,243,295,393,712,"1,054","1,900","1,895","1,768","1,939","1,873","1,718","1,895","2,230","1,981","2,072","1,827","1,565","1,055",817,652,558,421
2 ,415,282,248,274,461,920,"1,582","2,586","2,199","1,811","1,875","1,887","1,671","1,854","1,951","1,977","2,156","1,995","1,480","1,113",800,640,552,420
1 ,260,227,175,165,187,238,376,447,591,878,"1,230","1,387","1,677","1,713","2,033","1,915","1,896","1,667","1,998","1,986","1,560","1,285","1,100",614
7 ,313,269,228,277,346,528,787,957,"1,046","1,238","1,576","1,517","1,452","1,604","1,652","1,993","2,289","1,928","1,499","1,170","1,022",763,530,383
6 ,358,300,298,324,343,600,931,"1,698","1,856","1,811","1,859","1,700","1,696","1,809","2,048","2,190","2,022","2,005","1,792","1,648","1,015",838,636,492
5 ,329,296,261,288,394,667,"1,097","1,800","1,874","1,880","1,707","1,563","1,480","1,772","1,942","2,295","2,643","1,831","1,467","1,245",857,676,630,460
4 ,353,288,254,262,385,714,"1,061","1,743","1,918","1,770","1,823","1,782","1,681","1,736","2,125","2,437","2,467","1,673","1,477","1,130",883,586,567,439
3 ,320,253,269,303,384,714,"1,106","1,791","2,140","1,928","1,829","1,870","1,769","1,915","2,068","2,278","2,019","2,043","1,733","1,152",895,672,523,434
2 ,406,279,259,292,453,928,"1,630","2,573","2,267","1,747","1,751","1,804","1,668","1,769","2,228","1,990","1,970","1,810","1,420","1,082",825,621,515,448
1 ,294,234,184,195,198,269,418,529,607,923,"1,274","1,518","1,698","1,899","2,296","2,277","2,478","1,850","2,077","2,257","1,947","1,700","1,098",634
7 ,354,276,243,245,324,576,808,973,"1,074","1,249","1,463","1,644","1,234","1,605","1,798","2,638","2,465","2,260","1,968","1,400","1,342",906,649,423
6 ,330,299,249,274,410,732,"1,118","1,843","1,857","1,883","1,909","1,916","1,640","1,924","2,355","2,426","2,743","2,563","1,838","1,616","1,153",871,734,493
5 ,351,273,239,307,419,712,"1,072","1,821","1,857","1,846","1,927","1,866","1,692","1,998","2,192","2,129","2,116","1,962","1,575","1,381",920,670,511,432
4 ,349,261,288,301,396,775,"1,069","1,806","1,873","1,884","1,874","1,785","1,702","1,858","2,049","2,089","2,000","1,853","1,533","1,209","1,005",654,561,430
3 ,348,286,277,311,414,802,"1,162","1,824","1,789","1,758","1,775","1,613","1,518","1,618","1,929","2,224","1,960","1,779","1,469","1,140",970,648,584,425
2 ,471,324,292,324,489,"1,050","1,529","2,452","2,091","1,587","1,700","1,632","1,514","1,620","1,760","1,840","1,928","1,667","1,400",941,810,685,567,460
1 ,280,240,221,194,242,311,424,545,658,959,"1,242","1,403","1,444","1,599","2,078","1,982","2,120","1,550","1,676","2,132","1,943","1,946","1,172",689
7 ,348,268,267,286,393,653,877,"1,015","1,051","1,174","1,390","1,574","1,348","1,588","1,795","2,469","1,960","1,756","1,829","1,691","1,303",843,636,432
6 ,394,311,270,325,445,788,"1,178","1,770","1,794","1,646","1,679","1,624","1,598","1,680","2,248","2,097","1,785","1,842","1,777","1,928","1,381","1,208",733,550
5 ,351,316,309,349,448,788,"1,217","1,783","1,805","1,751","1,683","1,606","1,499","1,638","1,914","2,185","2,107","2,063","1,418","1,157",933,709,625,463
4 ,358,327,281,288,405,809,"1,136","1,757","1,767","1,760","1,661","1,665","1,505","1,654","1,887","2,097","1,820","1,724","1,478","1,244",921,693,578,473
3 ,371,326,299,332,436,829,"1,149","1,820","1,893","1,751","1,772","1,643","1,512","1,723","1,971","2,047","1,928","1,651","1,561","1,158",878,711,570,476
2 ,450,337,283,305,488,996,"1,560","2,461","2,181","1,651","1,700","1,677","1,564","1,677","1,752","1,816","1,803","1,725","1,320","1,078",862,676,556,458
3 ,415,318,291,331,513,832,"1,231","1,828","1,721","1,690","1,788","1,702","1,505","1,716","1,923","2,165","2,415","2,436","1,487","1,253",904,746,601,494
2 ,418,328,283,297,480,"1,003","1,606","2,479","2,088","1,645","2,064","2,253","2,195","1,884","1,676","1,959","1,823","1,852","1,564","1,108",859,669,601,444
1 ,317,239,206,177,228,319,471,544,679,894,"1,098","1,373","1,525","1,576","1,766","1,905","1,865","1,801","2,004","2,018","1,802","1,573","1,164",711
7 ,396,323,350,329,442,659,889,"1,056","1,151","1,260","1,612","1,287","1,428","1,504","1,840","1,897","1,583","1,626","1,559","1,660","1,417","1,016",614,454
6 ,422,340,313,362,439,836,"1,181","1,729","1,805","1,752","1,775","1,758","1,589","1,791","2,091","2,005","2,417","2,226","1,966","1,689","1,531","1,040",779,567
5 ,382,353,274,348,487,784,"1,204","1,913","1,836","1,771","1,658","1,662","1,700","1,737","1,997","2,132","1,761","2,113","1,469","1,195","1,180",734,622,527
4 ,404,337,320,319,478,821,"1,150","1,910","1,843","1,782","1,853","1,705","1,525","1,746","1,942","2,024","2,314","2,037","1,496","1,319","1,027",722,598,524
3 ,362,325,295,306,483,818,"1,150","1,870","1,841","1,744","1,668","1,652","1,522","1,662","1,958","1,774","2,088","1,695","1,621","1,314",923,707,619,473
2 ,422,336,269,301,495,"1,002","1,548","2,299","2,048","1,665","1,699","1,605","1,508","1,675","1,954","2,309","1,923","1,502","1,515","1,260",872,738,604,504
1 ,350,232,194,193,223,347,447,548,726,877,"1,214","1,235","1,104","1,398","1,630","1,902","2,125","1,702","1,714","1,690","1,743","1,678","1,058",638
7 ,401,328,324,328,437,695,996,"1,163","1,170","1,415","1,551","1,411","1,337","1,600","1,542","2,161","1,896","2,063","1,794","1,845","1,349",932,658,518
6 ,383,313,302,324,455,862,"1,183","1,806","1,853","1,783","1,729","1,638","1,617","1,721","1,972","2,298","2,051","2,143","2,144","1,841","1,708","1,325",901,658
5 ,402,306,284,331,462,855,"1,205","1,911","1,866","1,801","1,837","1,762","1,563","1,738","1,967","2,212","2,004","1,988","1,550","1,081",862,744,599,488
4 ,373,341,311,309,405,824,"1,157","1,831","1,817","1,758","1,762","1,608","1,540","1,753","1,952","2,540","2,002","1,938","1,673","1,126",892,737,582,486
3 ,394,328,292,351,471,771,"1,182","1,801","1,887","1,842","1,664","1,696","1,494","1,780","1,926","2,244","1,979","1,895","1,455","1,230",968,675,585,468
2 ,435,320,289,310,494,936,"1,536","2,454","2,099","1,712","1,638","1,714","1,542","1,656","1,951","1,907","1,923","1,617","1,425","1,067",897,677,591,470
1 ,323,257,224,222,232,336,450,498,648,761,"1,048","1,151",991,"1,201","1,691","1,575","1,863","1,687","1,685","1,449","1,176",996,754,577
7 ,396,326,337,348,436,651,946,"1,162","1,241","1,542","1,616","1,428","1,306","1,497","1,870","2,003","2,065","2,034","1,854","1,344",964,759,551,418
6 ,364,348,315,351,440,756,"1,133","1,807","1,798","1,755","1,857","1,668","1,630","1,887","2,181","2,377","2,361","2,082","1,874","1,769","1,590",986,753,565
5 ,393,324,314,333,438,775,"1,153","1,773","1,743","1,763","1,664","1,671","1,603","1,874","2,382","2,290","2,196","1,985","1,517","1,055",817,714,625,485
4 ,431,342,309,331,431,766,"1,077","1,744","1,920","1,681","1,715","1,580","1,428","1,680","1,786","1,666","1,581","1,615","1,248","1,008",734,633,568,499
3 ,378,315,296,279,400,794,"1,297","2,082","1,748","1,462","1,576","1,558","1,450","1,485","1,680","1,628","1,700","1,549","1,336",999,737,641,589,475
2 ,445,299,258,276,354,586,761,958,887,990,"1,092","1,167","1,097","1,144","1,272","1,423","1,238","1,187","1,081",963,902,789,687,483
1 ,515,315,253,227,237,315,405,538,647,842,"1,329","1,281","1,209","1,443","1,487","1,712","1,339","1,590","1,531","1,441","1,531","1,105",737,655
7 ,941,526,314,307,313,441,585,742,925,"1,235","1,426","1,426","1,468","1,360","1,888","1,615","1,594","1,698","1,398","1,612","1,582","1,571",812,703
6 ,"1,147",841,826,429,356,430,606,784,982,"1,365","1,586","1,646","1,370","1,401","1,760","1,781","1,349","1,497","1,524","1,188","1,470","1,399","1,046","1,013"
5 ,"1,409",966,562,374,374,431,577,746,836,"1,238","1,535","1,802","1,623","1,441","1,421","1,432","1,311","1,455","1,498","1,547","1,414","1,522","1,489","1,295"
4 ,186,168,156,157,166,284,579,770,743,956,"1,656","2,275","2,199","1,789","1,701","1,416","1,277","1,251","1,152",988,"1,583","1,504","1,273","1,327"
3 ,320,277,251,255,263,303,346,503,651,"1,220","1,340","1,542","1,095",917,974,"1,031","1,047","1,163",921,735,644,488,385,292
2 ,278,256,252,260,292,475,613,846,793,832,"1,120","1,210","1,251","1,114","1,266","1,733","1,402","1,652","1,383","1,111",766,599,506,435
1 ,283,222,202,216,265,362,520,571,656,752,844,921,899,"1,011","1,181","1,333","1,277","1,208",993,935,811,537,449,345
