1 ,238,189,166,135,191,346,619,786,906,"1,093","1,272","1,316","1,127","1,177","1,350","1,437","1,426","1,379","1,255","1,122",974,771,559,389
7 ,344,303,209,231,338,604,"1,156","1,619","1,735","2,078","2,283","2,131","2,087","1,607","1,618","1,750","1,750","1,978","1,630","1,228",906,652,504,351
6 ,293,238,199,243,365,754,"1,337","1,575","1,919","2,175","2,517","2,553","2,169","2,154","2,346","2,207","2,293","2,679","2,778","2,133","1,508","1,137",663,515
5 ,267,196,202,189,336,889,"1,467","1,719","1,883","2,113","2,528","2,326","1,959","1,824","1,907","1,860","1,922","2,111","1,979","1,352",996,748,531,381
4 ,259,197,151,155,226,331,476,601,722,875,"1,199","1,287","1,201","1,207","1,326","1,381","1,367","1,308","1,127","1,048","1,018",807,617,392
3 ,327,223,189,152,192,393,630,813,974,"1,162","1,594","1,896","1,812","1,322","1,402","1,431","1,536","1,507","1,015",881,927,704,582,391
2 ,303,199,178,288,400,964,"1,620","2,113","2,451","3,007","3,016","2,316","2,470","2,077","3,619","3,066","3,019","2,636","1,692","1,173","1,017",934,831,513
1 ,790,649,637,662,983,"1,719","2,387","1,934","1,447","1,790","2,516","2,412","2,276","2,192","2,727","2,127","2,181","1,436","1,059","1,008",862,766,563,375
7 ,672,543,457,547,875,"1,405","1,886","2,212","1,858","1,812","1,873","1,899","2,030","1,828","2,034","2,935","2,210","1,834","1,625","1,250","1,112","1,069","1,169","1,120"
6 ,370,274,270,270,382,657,"1,143","1,545","1,752","2,221","2,541","2,522","2,664","2,667","3,174","3,231","3,393","3,010","2,774","2,084","1,685","1,483","1,082",801
5 ,404,294,270,275,340,745,"1,268","1,798","2,047","2,663","2,925","2,823","2,688","2,590","2,729","2,673","2,626","2,703","3,128","1,956","1,441","1,150",804,554
4 ,405,276,276,280,392,772,"1,473","1,942","2,312","2,869","3,473","3,149","2,852","2,753","2,779","2,626","2,609","2,976","2,927","2,145","1,432","1,203",742,511
3 ,368,281,272,310,401,788,"1,487","2,142","2,418","3,011","3,612","3,200","2,762","2,383","2,433","2,300","2,676","2,959","2,822","1,824","1,379","1,222",814,641
2 ,312,220,203,236,414,"1,055","1,654","2,109","2,302","2,923","3,032","2,857","2,491","2,423","2,476","2,398","2,441","2,785","2,805","1,811","1,346","1,111",717,520
1 ,271,179,190,187,267,720,"1,309","1,403","1,246","1,348","1,446","1,396","1,297","1,272","1,389","1,503","1,589","1,752","1,657","1,355","1,257","1,010",675,445
7 ,418,330,271,326,503,"1,058","1,824","2,787","2,884","2,795","2,781","3,010","2,503","1,798","1,843","1,892","2,019","2,147","1,849","1,437","1,018",844,592,400
6 ,304,269,256,266,372,776,"1,452","1,958","2,262","2,583","2,971","2,812","2,715","2,599","2,653","2,725","2,760","3,377","3,639","2,622","1,994","1,440",889,599
5 ,359,286,234,268,387,783,"1,469","1,975","2,382","2,716","2,784","2,776","2,595","2,478","2,265","2,392","2,410","2,449","2,575","1,709","1,294","1,035",747,491
4 ,333,267,227,262,395,791,"1,427","1,956","2,165","2,501","2,760","2,771","2,450","2,338","2,243","2,319","2,434","3,057","3,062","1,846","1,356",988,704,452
3 ,347,236,230,271,360,819,"1,489","2,053","2,415","2,507","2,571","2,498","2,295","2,244","2,204","2,339","2,368","2,787","2,692","1,689","1,451","1,013",610,446
2 ,316,269,198,243,475,"1,023","1,792","2,231","2,485","2,449","2,549","2,703","2,264","2,225","2,309","2,416","2,512","2,564","2,579","1,702","1,399","1,017",627,447
1 ,327,244,195,186,331,841,"1,688","1,805","1,771","1,544","1,461","1,343","1,300","1,216","1,413","1,493","1,751","1,783","1,495","1,364","1,229","1,055",792,519
7 ,477,372,312,329,587,"1,166","2,172","2,714","2,453","2,254","2,115","2,433","2,434","2,379","1,997","2,249","2,339","2,401","2,171","1,744","1,255",925,701,459
6 ,324,258,196,229,385,640,"1,290","1,707","1,968","2,558","2,578","2,940","2,474","2,442","2,539","2,928","2,965","3,426","3,579","2,754","2,325","1,675","1,069",700
5 ,329,282,279,259,368,749,"1,464","1,916","2,370","2,602","2,779","2,562","2,421","2,195","2,402","2,359","2,311","2,557","2,454","1,664","1,313","1,014",731,438
4 ,311,247,231,230,363,710,"1,325","1,747","1,957","2,426","2,392","2,216","2,015","2,066","2,168","2,184","2,144","2,290","2,336","1,572","1,176",986,644,495
3 ,316,225,236,250,347,602,"1,210","1,656","1,946","2,236","2,445","2,430","2,212","2,056","2,055","2,137","2,292","2,486","2,521","1,595","1,266",869,624,484
2 ,289,206,212,221,378,987,"1,615","1,925","2,042","2,652","2,666","2,523","2,220","2,123","2,179","2,209","2,008","2,509","2,616","1,488","1,168",851,599,435
1 ,322,235,177,184,200,528,992,"1,050","1,089","1,190","1,434","1,483","1,424","1,368","1,545","1,676","1,857","1,830","1,666","1,378","1,210","1,028",703,433
7 ,407,331,278,272,429,772,"1,457","1,875","2,396","2,694","2,922","2,768","3,286","2,908","2,180","2,230","2,344","2,496","2,172","1,483","1,085",739,523,425
6 ,323,257,211,217,342,630,"1,312","1,703","1,913","2,213","2,429","2,409","2,299","2,248","2,267","2,347","2,452","2,797","3,448","2,653","1,998","1,533",943,565
5 ,317,230,211,255,302,611,"1,225","1,766","2,045","2,351","2,607","2,660","2,250","2,082","2,437","2,117","2,040","2,348","2,290","1,420","1,240",919,613,424
4 ,319,264,259,239,372,682,"1,203","1,614","1,960","2,287","2,623","2,555","2,348","2,163","2,193","2,138","2,129","2,302","2,264","1,306","1,084",834,589,409
3 ,308,236,212,241,315,621,"1,110","1,635","1,900","2,450","2,663","2,547","2,223","2,233","2,218","2,395","2,144","2,336","2,257","1,538","1,113",980,676,465
2 ,308,215,205,207,345,856,"1,437","1,734","1,900","2,339","2,683","2,716","2,390","2,071","2,229","2,175","2,048","1,990","1,929","1,244","1,181",920,610,426
1 ,288,208,178,157,161,359,650,744,860,"1,165","1,589","1,586","1,319","1,328","1,512","1,628","1,705","1,625","1,409","1,258","1,093","1,010",690,423
7 ,347,284,232,238,381,756,"1,208","1,600","2,421","2,926","2,776","2,583","2,505","2,281","1,940","1,867","2,038","1,987","1,712","1,299","1,034",759,615,391
6 ,250,222,160,161,208,352,663,"1,087","1,417","1,754","2,110","2,224","1,816","1,959","2,049","1,989","2,108","2,764","3,095","2,064","1,530","1,202",709,484
5 ,317,265,218,218,318,532,939,"1,378","1,669","1,950","2,124","2,153","1,730","1,953","1,859","1,961","1,759","2,055","1,959","1,188",837,651,432,311
4 ,303,241,214,238,359,604,"1,172","1,581","1,999","2,599","2,793","2,825","2,466","1,952","2,155","1,920","1,994","2,211","2,297","1,551","1,234",885,715,453
3 ,329,262,225,235,361,636,"1,236","1,625","1,753","2,200","2,288","2,437","2,447","2,022","2,186","2,201","1,919","2,169","2,192","1,425","1,092",917,597,43
2 ,295,212,198,224,422,"1,014","1,720","1,934","2,050","2,307","2,359","2,077","2,043","2,092","2,196","2,068","1,867","2,152","1,990","1,363","1,113",824,563,35
1 ,287,185,161,171,189,349,595,759,927,"1,055","1,288","1,379","1,324","1,262","1,423","1,557","1,503","1,531","1,399","1,190","1,131","1,047",822,38
7 ,394,310,253,290,380,732,"1,312","1,847","2,343","3,001","2,501","2,099","2,129","1,868","1,869","2,116","2,088","2,130","1,834","1,337",978,739,633,32
6 ,336,276,251,238,398,765,"1,378","1,788","1,942","2,331","2,878","2,849","2,620","2,482","2,536","2,757","2,638","3,219","3,659","2,946","2,010","1,397",963,74
5 ,274,216,178,231,353,760,"1,470","1,885","2,104","2,736","3,074","2,835","2,600","2,519","2,338","2,318","2,303","2,512","2,445","1,612","1,286","1,090",734,40
4 ,383,299,292,236,335,646,"1,135","1,418","1,625","1,907","2,229","1,869","1,584","1,344","1,438","1,440","1,503","1,515","1,212",931,884,737,581,26
3 ,332,259,233,275,367,789,"1,408","1,844","2,195","2,590","2,693","2,466","2,621","2,526","2,357","2,508","2,441","2,807","3,198","2,083","1,654","1,270",834,66
2 ,364,215,200,256,413,"1,013","1,734","2,037","2,213","2,596","3,035","2,838","2,489","2,439","2,482","2,334","2,274","2,399","2,289","1,491","1,190",997,644,37
1 ,282,243,180,177,208,364,622,805,969,"1,172","1,308","1,394","1,338","1,287","1,445","1,507","1,492","1,438","1,308","1,127","1,101","1,021",781,55
7 ,433,296,250,241,392,784,"1,491","2,098","2,730","3,296","2,455","2,356","2,399","1,889","1,938","1,917","2,023","2,043","1,580","1,153",904,781,607,51
6 ,333,271,235,273,348,737,"1,384","1,770","1,934","2,379","2,918","2,798","2,615","2,612","2,670","2,589","2,765","3,264","3,117","2,399","1,764","1,497",994,70
5 ,353,243,236,266,348,743,"1,331","1,825","2,160","2,614","2,989","2,606","2,457","2,253","2,412","2,242","2,210","2,541","2,437","1,618","1,333",971,670,39
4 ,316,258,250,225,379,672,"1,343","1,940","2,091","2,462","2,698","2,693","2,449","2,316","2,188","2,277","2,216","2,385","2,363","1,596","1,153",955,667,56
3 ,326,269,223,233,368,691,"1,305","1,723","2,096","2,570","2,467","2,547","2,435","2,264","2,157","2,078","2,196","2,279","2,298","1,538","1,147",952,635,35
2 ,340,198,210,222,366,930,"1,684","1,947","2,139","2,392","2,578","2,632","2,643","2,175","2,137","2,203","2,116","2,117","2,167","1,499","1,149",908,666,43
1 ,297,217,186,151,238,346,604,702,984,"1,142","1,289","1,298","1,187","1,221","1,334","1,503","1,448","1,452","1,155","1,127","1,018",966,800,55
7 ,391,303,252,205,385,743,"1,427","2,020","3,375","3,840","2,906","2,055","1,792","1,729","1,773","1,788","1,788","1,680","1,494","1,060",855,684,613,43
6 ,401,244,228,259,380,822,"1,371","1,702","1,940","2,202","2,521","2,785","2,540","2,440","2,467","2,393","2,302","2,848","3,019","2,046","1,558","1,255",934,63
5 ,350,297,231,267,431,958,"1,609","2,056","2,625","2,669","2,554","2,464","2,783","2,338","2,275","2,246","2,079","2,251","1,998","1,505","1,094",871,700,62
4 ,485,289,288,284,495,"1,030","1,846","2,257","3,051","3,494","3,450","2,799","2,814","2,332","2,651","2,478","2,115","2,142","1,992","1,607","1,322","1,067",777,48
3 ,289,253,221,239,359,693,"1,446","1,890","2,210","2,384","2,229","1,932","1,952","2,029","2,047","2,069","2,169","2,475","2,417","1,925","1,550","1,334",982,64
2 ,320,226,221,236,370,929,"1,583","1,665","2,087","2,348","2,382","1,986","2,468","2,289","2,037","1,803","1,853","1,868","1,968","1,419","1,084",953,661,36
1 ,279,187,164,184,203,471,776,921,993,"1,186","1,335","1,379","1,262","1,283","1,484","1,474","1,442","1,355","1,070",909,901,962,837,37
7 ,495,336,359,304,501,"1,017","1,799","2,240","2,914","2,668","2,220","2,216","2,121","2,096","1,958","2,417","2,170","1,965","1,683","1,143",898,789,558,31
6 ,337,250,250,263,382,777,"1,409","1,802","2,076","2,500","2,583","2,579","2,536","2,380","2,665","2,594","2,663","2,852","3,666","2,481","1,957","1,476","1,170",70
5 ,365,286,220,268,415,823,"1,445","1,831","2,152","2,735","3,012","2,977","2,652","2,420","2,400","2,356","2,491","2,608","2,417","1,702","1,310","1,031",731,40
4 ,348,274,216,242,398,827,"1,560","1,924","2,366","2,585","2,798","2,751","2,359","2,220","2,191","2,263","2,248","2,520","2,464","1,649","1,251",976,713,38
3 ,360,265,212,247,402,744,"1,488","1,823","2,063","2,449","2,952","2,628","2,630","2,217","2,244","2,178","2,139","2,432","2,420","1,740","1,304","1,012",684,33
2 ,280,229,192,227,440,"1,092","1,760","1,856","1,882","2,335","2,615","2,667","2,456","2,162","2,256","2,310","2,260","2,407","2,334","1,631","1,216",982,663,53
1 ,315,217,192,146,181,354,641,800,"1,021","1,142","1,334","1,289","1,259","1,242","1,416","1,766","1,587","1,503","1,292","1,243","1,102","1,080",865,529
7 ,386,289,261,258,408,748,"1,429","1,876","2,346","3,002","2,945","2,711","2,107","1,711","1,843","1,917","2,157","2,282","1,787","1,281",914,803,703,420
6 ,357,275,224,263,357,796,"1,514","1,841","2,083","2,463","2,908","3,124","3,041","2,479","2,520","2,607","2,952","3,411","3,937","2,766","2,073","1,516",972,645
5 ,349,270,223,246,345,725,"1,358","1,774","2,053","2,601","2,776","2,732","2,344","2,105","2,292","2,251","2,418","2,679","2,462","1,584","1,210","1,046",746,482
4 ,312,249,265,220,363,796,"1,372","1,736","1,842","2,364","2,519","2,465","2,357","2,011","1,946","1,966","2,038","2,422","2,566","1,661","1,165",993,656,484
3 ,304,272,242,252,363,736,"1,238","1,731","1,890","2,451","2,551","2,441","2,063","1,627","1,926","2,136","2,175","2,260","2,142","1,500","1,153",910,620,434
2 ,300,215,194,256,362,869,"1,520","1,936","2,047","2,253","2,334","2,171","2,018","1,992","2,007","2,024","2,069","2,141","2,135","1,434","1,157",871,616,433
1 ,267,226,199,187,170,337,590,800,932,"1,006","1,140","1,177","1,160","1,132","1,160","1,406","1,354","1,339","1,040",963,963,997,803,531
7 ,428,360,299,224,379,733,"1,458","1,833","2,047","2,743","2,638","2,626","2,401","1,944","2,076","2,176","2,502","2,277","1,752","1,320",916,855,645,439
6 ,352,268,252,232,362,797,"1,256","1,486","1,707","2,289","2,657","2,641","2,770","2,766","2,693","2,599","2,504","2,988","3,445","2,979","2,118","1,449","1,032",606
5 ,334,274,259,218,355,758,"1,385","1,779","2,157","2,586","2,885","2,815","2,510","2,289","2,251","2,236","2,232","2,499","2,371","1,622","1,174",895,682,493
4 ,291,257,270,207,317,725,"1,414","1,706","1,954","2,572","2,975","2,605","2,332","2,392","2,304","2,401","2,408","2,427","2,614","1,552","1,140",911,640,449
3 ,312,211,232,233,328,722,"1,305","1,702","1,880","2,317","2,411","2,243","1,987","1,947","2,220","2,136","2,114","2,374","2,195","1,641","1,139",870,631,473
2 ,329,210,181,191,363,863,"1,309","1,555","1,674","2,049","2,240","2,288","1,906","1,763","1,791","1,680","1,689","1,813","1,811","1,322",944,815,546,428
1 ,261,199,164,120,187,395,597,666,853,"1,002","1,190","1,213","1,088","1,159","1,177","1,363","1,404","1,423","1,158","1,052",962,986,802,458
7 ,337,301,250,249,336,653,"1,243","1,516","2,037","2,423","2,103","1,709","1,819","1,753","1,664","1,938","2,323","2,010","1,609","1,211",952,720,590,423
6 ,308,242,215,236,360,786,"1,291","1,623","1,925","2,448","2,880","2,804","2,472","2,300","2,514","2,526","2,910","3,257","3,616","2,460","1,784","1,424",906,541
5 ,299,264,223,232,367,763,"1,413","1,761","2,236","2,575","2,282","2,632","2,282","2,162","2,287","2,124","2,303","2,538","2,457","1,571","1,195",951,656,452
4 ,293,288,250,240,357,837,"1,451","1,842","2,081","2,641","2,550","2,445","2,196","2,091","2,094","2,217","2,274","2,512","2,441","1,553","1,134",958,634,452
3 ,283,222,222,178,317,685,"1,235","1,616","1,871","2,349","2,413","2,429","2,209","2,002","2,192","2,087","2,147","2,336","2,346","1,557","1,155",908,621,474
2 ,248,161,175,194,320,779,"1,406","1,713","1,823","2,130","2,214","2,161","2,026","2,167","2,121","2,051","1,984","2,142","2,054","1,410","1,094",821,606,420
7 ,380,301,261,248,348,682,"1,181","1,440","1,907","2,059","2,459","2,751","2,069","1,824","1,931","2,085","2,088","1,982","1,602","1,238",916,746,564,339
6 ,362,237,237,229,325,663,"1,352","1,665","2,031","2,463","2,665","2,493","2,358","2,395","2,549","2,367","2,611","3,006","3,210","2,228","1,630","1,338",853,574
5 ,304,267,230,210,327,769,"1,493","1,830","2,017","2,577","2,617","2,429","2,191","2,177","2,310","2,290","2,218","2,375","2,296","1,578","1,212",977,634,435
4 ,309,226,232,243,288,630,"1,150","1,518","1,982","2,355","2,364","2,327","2,292","1,998","2,244","2,286","2,114","2,330","2,353","1,416","1,177",918,679,33
3 ,334,265,227,246,350,627,"1,127","1,548","1,636","2,082","2,375","2,445","2,092","2,304","2,272","2,017","2,013","2,080","2,107","1,277","1,011",827,573,30
2 ,302,250,189,206,398,"1,116","1,773","1,978","2,107","2,557","2,719","2,714","2,215","2,214","2,088","2,276","2,322","2,419","2,439","1,664","1,290","1,052",694,30
1 ,244,213,177,156,202,360,636,754,871,"1,166","1,308","1,463","1,249","1,193","1,332","1,421","1,546","1,570","1,262","1,224","1,150","1,037",833,40
7 ,386,310,280,249,369,757,"1,488","2,001","2,694","2,857","2,596","2,174","2,294","2,072","1,905","2,039","2,257","2,307","2,097","1,267",970,783,627,29
6 ,343,248,233,238,369,750,"1,400","1,797","2,099","2,740","3,020","2,803","2,657","2,591","2,549","2,577","2,958","3,289","3,615","2,693","2,018","1,504",937,53
5 ,347,254,207,217,348,815,"1,427","1,819","2,106","2,517","3,259","2,982","2,701","2,412","2,360","2,385","2,325","2,577","2,492","1,582","1,269",967,696,35
4 ,316,242,219,253,374,796,"1,474","1,885","2,185","2,821","2,734","2,873","2,942","2,326","2,332","2,296","2,152","2,447","2,511","1,630","1,191",922,646,40
3 ,337,204,221,222,335,642,"1,230","1,596","1,834","2,177","2,363","2,410","2,033","1,786","1,824","1,929","1,760","1,897","1,746","1,155",945,743,538,27
2 ,257,216,181,214,385,898,"1,442","1,706","1,779","2,307","2,148","2,284","1,796","1,801","1,804","1,820","1,704","1,964","1,897","1,236",968,701,454,40
1 ,256,202,187,157,175,355,550,716,789,929,"1,121","1,150",973,"1,005","1,126","1,209","1,223","1,231","1,009",921,905,838,628,44
7 ,377,267,251,243,333,645,"1,205","1,573","1,696","1,958","2,193","2,222","2,076","2,017","1,792","1,785","1,756","1,765","1,471","1,028",785,657,518,28
6 ,285,246,219,218,320,620,"1,132","1,506","1,634","2,060","2,303","2,288","2,036","1,942","2,003","2,109","2,108","2,477","2,880","2,094","1,510","1,167",777,41
5 ,266,212,205,201,310,654,"1,127","1,486","1,593","2,053","2,544","2,607","2,300","1,873","1,979","1,876","1,804","1,891","1,806","1,169",912,774,546,30
4 ,328,222,222,198,270,543,864,"1,108","1,176","1,406","1,522","1,508","1,222","1,133","1,243","1,180","1,217","1,126",983,719,648,551,435,28
3 ,291,233,215,228,325,630,"1,244","1,523","1,796","2,170","2,389","2,260","1,999","1,872","1,995","1,978","2,049","2,076","2,372","1,661","1,242",899,627,45
2 ,253,191,175,203,349,858,"1,279","1,472","1,607","1,847","2,071","2,046","1,819","1,659","1,758","1,686","1,683","1,833","1,652","1,153",945,721,513,33
1 ,219,188,156,115,170,287,464,560,696,786,"1,006",985,887,832,966,"1,031","1,038","1,094",913,829,783,733,579,33
7 ,323,277,231,223,336,573,"1,034","1,305","1,445","1,722","1,856","1,811","1,604","1,468","1,352","1,443","1,498","1,589","1,328",852,655,565,440,30
6 ,302,261,205,236,326,619,"1,100","1,311","1,589","1,800","1,938","1,950","1,743","1,712","1,809","1,776","1,925","2,207","2,326","1,701","1,216",969,670,36
5 ,250,167,168,194,295,644,"1,115","1,505","1,549","2,118","2,321","2,088","1,870","1,686","1,670","1,593","1,564","1,669","1,746","1,106",876,733,493,29
4 ,310,258,223,220,290,599,942,"1,109","1,137","1,332","1,422","1,257","1,029","1,024",995,945,"1,009","1,085",847,691,605,559,416,19
3 ,253,210,198,214,303,587,"1,090","1,310","1,646","1,865","2,151","1,944","1,849","1,781","1,777","1,784","1,794","1,861","2,194","1,495","1,058",756,601,47
2 ,235,174,180,182,316,664,"1,098","1,328","1,367","1,630","1,794","1,818","1,539","1,374","1,430","1,500","1,337","1,422","1,329",852,715,589,435,23
1 ,236,195,163,134,191,316,465,532,640,784,973,896,793,797,829,919,954,884,837,735,729,659,522,31
7 ,308,246,225,196,316,522,890,"1,174","1,422","1,646","1,623","1,664","1,672","1,449","1,244","1,397","1,384","1,501","1,249",807,635,507,430,26
6 ,303,241,194,234,315,636,"1,029","1,464","1,521","1,829","2,047","1,934","1,745","1,575","1,776","1,776","1,881","2,287","2,732","2,004","1,530","1,085",736,52
5 ,313,227,230,213,317,578,"1,006","1,321","1,480","1,713","1,986","1,852","1,662","1,514","1,619","1,628","1,620","1,626","1,655","1,152",903,671,545,44
4 ,281,257,227,226,305,545,"1,074","1,377","1,546","1,856","2,038","1,880","1,677","1,485","1,632","1,654","1,545","1,626","1,641","1,105",823,668,529,29
3 ,314,231,234,223,328,663,"1,049","1,471","1,675","2,028","2,255","2,214","1,835","1,742","1,667","1,834","1,719","1,825","1,730","1,126",889,709,520,30
2 ,296,191,206,200,352,904,"1,457","1,689","1,731","2,187","2,263","2,236","1,839","1,657","1,868","1,683","1,602","1,807","1,535","1,158",927,815,585,44
1 ,248,199,141,154,175,349,556,724,833,"1,004","1,175","1,257","1,041",995,"1,084","1,195","1,208","1,248","1,109","1,012",892,781,659,39
7 ,377,273,265,258,325,604,"1,184","1,690","2,133","2,498","2,342","1,978","1,850","1,565","1,600","1,698","1,709","1,718","1,495","1,087",850,645,570,43
6 ,302,264,230,254,310,669,"1,084","1,357","1,589","2,129","2,387","2,619","2,055","1,823","1,954","2,098","2,228","2,441","2,820","1,907","1,388","1,116",767,47
5 ,303,247,213,220,349,655,"1,229","1,552","1,778","2,271","2,284","2,143","2,029","1,899","1,842","1,755","1,881","1,881","1,750","1,197",933,763,596,46
4 ,256,195,216,204,285,611,"1,151","1,397","1,582","2,002","2,220","2,062","1,810","1,675","1,815","1,831","1,754","1,949","1,815","1,207",990,833,601,438
3 ,361,260,217,194,271,555,977,"1,085","1,127","1,278","1,349","1,256","1,008","1,091","1,156","1,209","1,184","1,203",931,711,616,563,435,307
2 ,291,174,191,220,346,781,"1,302","1,540","1,690","1,898","2,347","2,238","1,809","1,823","1,778","1,801","1,842","2,000","1,968","1,546","1,096",911,618,455
1 ,255,212,161,166,176,364,657,875,908,"1,097","1,422","1,517","1,207","1,122","1,161","1,331","1,414","1,246","1,125",960,898,814,635,435
7 ,382,311,245,236,361,674,"1,233","1,625","1,753","1,929","2,146","1,932","2,022","1,930","1,929","1,913","1,927","1,860","1,601","1,201",900,756,565,374
6 ,317,16,-,-,-,-,-,-,-,"2,048","2,435","2,182","2,080","1,920","2,142","2,181","2,167","2,324","2,546","1,901","1,423","1,065",763,549
5 ,307,235,215,205,294,469,886,"1,312","1,548","1,959","2,329","2,107","1,830","1,650","1,767","1,708","1,610","1,627","1,628","1,058",857,695,563,33
4 ,26,-,-,-,-,409,989,"1,345","1,649","2,031","2,275","2,218","1,817","1,505","1,724","2,056","1,748","1,688","1,685","1,047",825,646,465,33
2 ,297,205,199,214,350,851,"1,458","1,671","1,710","2,005","2,152","2,151","1,935","1,946","1,914","1,835","1,731","1,780","1,733","1,192",990,768,563,29
1 ,240,174,143,132,166,312,511,611,808,959,"1,161","1,244","1,048","1,056","1,159","1,213","1,270","1,170","1,162",956,916,827,591,34
7 ,386,273,262,255,302,504,916,"1,264","1,499","1,898","1,962","1,847","1,623","1,657","1,500","1,611","1,596","1,601","1,310",901,692,518,422,36
6 ,334,244,243,230,304,616,"1,163","1,514","1,590","2,126","2,319","2,289","2,050","2,053","2,074","2,072","2,118","2,379","2,482","1,875","1,481","1,165",723,49
5 ,338,6,119,235,288,625,"1,145","1,408","1,802","2,267","2,370","2,425","2,007","1,842","1,890","1,784","1,802","1,876","1,916","1,277",970,751,576,30
4 ,340,255,218,241,301,608,"1,149","1,497","1,659","2,129","2,403","2,268","2,086","1,796","1,848","1,836","1,706","1,941","1,847","1,299",972,774,61,228
3 ,335,219,194,205,310,653,"1,303","1,538","1,705","2,214","2,317","2,389","1,986","1,856","1,994","1,835","1,783","1,897","1,840","1,224","1,002",800,542,54
2 ,263,214,185,184,271,608,935,"1,024","1,051","1,368","1,623","1,580","1,529","1,416","1,339","1,396","1,484","1,417","1,175","1,035",912,893,679,52
1 ,305,213,178,125,163,230,407,573,779,"1,333","1,774","1,611","1,506","1,465","1,333","1,380","1,370","1,283","1,067",862,796,755,577,33
7 ,703,371,309,307,447,934,"1,784","2,098","1,916","1,661","1,670","1,827","1,814","1,466","1,479","1,850","2,023","2,449","2,242","1,483","1,051",833,682,37
6 ,305,250,243,253,293,585,"1,114","1,430","1,643","2,036","2,382","2,450","2,250","2,047","2,116","2,167","2,442","3,086","3,280","2,710","2,118","1,630","1,222",114
5 ,223,221,204,170,281,532,985,"1,378","1,579","2,053","2,201","2,177","1,775","1,699","1,674","1,569","1,646","1,755","1,601","1,151",892,815,549,32
4 ,279,201,178,199,278,557,971,"1,258","1,374","1,781","2,043","1,854","1,641","1,694","1,631","1,584","1,532","1,560","1,387",867,669,537,374,20
3 ,325,245,226,207,245,418,800,"1,047","1,116","1,506","1,527","1,394","1,124","1,027","1,072","1,143","1,137","1,099","1,010",753,663,587,412,23
2 ,257,200,182,181,325,713,"1,339","1,592","1,620","2,003","2,023","1,609","1,250","2,022","1,752","1,625","1,624","1,796","1,997","1,527","1,009",798,583,37
1 ,267,213,147,154,190,352,585,730,850,"1,051","1,267","1,150","1,009",978,"1,004","1,033","1,116","1,123",976,787,803,664,556,36
7 ,341,290,247,235,322,524,"1,016","1,366","1,670","1,776","1,993","1,734","1,787","1,933","2,060","1,897","1,650","1,755","1,445","1,047",792,666,497,30
6 ,309,265,231,212,284,567,"1,101","1,351","1,538","1,869","1,995","1,977","1,714","1,790","1,877","1,879","1,855","2,072","2,224","1,654","1,296",985,662,37
5 ,314,250,219,226,291,509,"1,031","1,293","1,530","1,861","2,020","1,810","1,672","1,593","1,638","1,567","1,581","1,688","1,625","1,080",845,684,493,32
4 ,260,230,219,206,289,562,"1,014","1,391","1,558","2,067","2,080","1,929","1,933","1,733","1,673","1,636","1,689","1,755","1,780","1,142",926,739,543,29
3 ,279,243,202,212,288,513,908,"1,369","1,512","1,884","2,060","2,022","1,735","1,693","1,730","1,624","1,540","1,638","1,513","1,075",731,667,435,29
2 ,244,166,184,199,291,612,"1,135","1,417","1,455","1,763","2,012","1,870","1,755","1,632","1,640","1,568","1,568","1,569","1,508","1,027",860,646,488,29
1 ,256,200,136,134,194,344,516,700,859,974,"1,221","1,314","1,075",993,"1,067","1,126","1,190","1,079",882,810,796,712,492,35
7 ,345,258,232,213,315,592,"1,134","1,432","1,574","1,869","1,971","1,999","2,154","2,012","1,869","2,291","2,097","2,041","1,621","1,144",966,716,552,36
6 ,276,255,213,226,284,541,"1,121","1,405","1,587","2,213","2,463","2,345","2,064","1,847","2,045","2,211","2,180","2,559","2,739","2,012","1,548","1,134",738,42
5 ,287,257,222,243,305,594,"1,154","1,490","1,674","2,221","2,538","2,370","1,834","1,691","1,918","1,851","1,817","1,859","1,806","1,243",915,730,528,41
4 ,194,163,219,220,299,550,"1,131","1,430","1,781","2,437","2,283","2,171","2,008","1,799","1,887","1,757","1,816","1,956","1,861","1,231",913,710,530,37
3 ,293,257,250,205,299,577,"1,144","1,458","1,629","2,117","2,299","2,273","2,038","1,826","1,830","1,831","1,776","1,847","1,792","1,230","1,033",712,553,45
2 ,260,228,194,205,313,769,"1,386","1,657","1,707","2,102","2,166","1,996","1,857","1,819","1,836","1,776","1,651","1,846","1,770","1,209",972,730,525,31
1 ,220,173,154,126,164,361,614,747,902,"1,139","1,311","1,274","1,037","1,055","1,106","1,202","1,312","1,267","1,172",910,"1,024",851,606,38
7 ,341,266,231,211,257,421,792,"1,161","1,545","1,771","1,962","2,131","2,061","2,027","1,830","1,877","1,717","1,849","1,446","1,037",800,586,453,32
6 ,295,236,204,202,305,551,749,"1,199","1,287","2,197","2,346","2,399","2,175","1,931","2,042","2,054","2,119","2,446","2,807","2,025","1,473","1,131",739,42
5 ,286,221,208,218,287,550,"1,108","1,477","1,819","2,200","2,121","2,453","1,898","1,878","1,719","1,690","1,612","1,756","1,761","1,262","1,004",720,504,26
4 ,260,212,215,176,246,471,983,"1,373","1,730","2,135","2,181","2,186","1,920","1,697","1,779","1,799","1,681","1,896","1,906","1,173",924,714,502,25
2 ,221,128,106,148,276,743,"1,254","1,515","1,757","2,044","2,024","2,042","1,585","1,571","1,643","1,579","1,634","1,828","1,668","1,033",829,687,469,298
4 ,261,213,210,201,261,478,948,"1,352","1,628","2,124","2,291","2,022","1,721","1,715","1,752","1,648","1,598","1,765","1,649",956,738,567,408,328
3 ,278,233,215,211,323,559,"1,040","1,501","1,707","2,331","2,744","2,014","1,828","1,636","1,750","1,787","1,737","1,810","1,636","1,119",909,692,483,341
2 ,264,242,195,187,299,649,"1,124","1,460","1,643","1,925","2,136","1,973","1,769","1,733","1,967","1,742","1,566","1,744","1,687","1,090",884,695,487,345
1 ,260,169,181,127,178,274,440,621,720,872,"1,154","1,149",975,"1,091","1,217","1,297","1,406","1,355","1,142",974,"1,009",829,597,389
7 ,353,258,228,235,270,467,909,"1,297","1,497","1,932","2,018","1,691","1,808","1,478","1,676","1,654","1,815","1,822","1,590","1,150",876,734,521,355
6 ,286,220,199,212,280,526,991,"1,391","1,629","1,890","2,160","2,120","1,915","1,870","1,921","1,994","2,010","2,330","2,592","1,829","1,590","1,025",662,513
5 ,303,230,216,198,269,441,837,"1,320","1,473","1,870","2,149","1,825","1,762","1,537","1,646","1,620","1,613","1,629","1,490","1,025",830,699,501,336
4 ,269,223,223,199,290,509,"1,011","1,429","1,533","1,872","2,006","1,964","1,790","1,611","1,704","1,612","1,611","1,905","1,949","1,274",935,763,547,385
3 ,290,219,207,215,302,545,"1,013","1,530","1,892","2,197","2,341","2,091","1,767","1,596","1,637","1,700","1,551","1,572","1,496","1,046",830,678,475,345
1 ,237,165,139,159,134,270,464,565,719,958,"1,065","1,079",915,944,"1,007","1,113","1,156","1,139","1,177","1,045",927,801,684,355
7 ,283,251,207,206,269,477,806,"1,180","1,453","1,773","2,049","2,017","1,448","1,283","1,258","1,381","1,515","1,694","1,537","1,111",840,633,479,326
6 ,295,237,200,199,295,511,929,"1,354","1,596","2,014","2,256","2,035","1,822","1,792","1,874","1,859","1,732","1,988","2,318","1,776","1,388","1,102",676,454
5 ,268,220,210,221,242,374,803,"1,211","1,459","1,928","2,297","2,002","1,720","1,659","1,722","1,615","1,532","1,691","1,559","1,057",844,692,511,325
4 ,265,211,210,210,292,488,938,"1,371","1,623","1,794","2,216","2,118","1,808","1,693","1,769","1,640","1,666","1,792","1,753","1,160",869,573,458,322
3 ,264,220,206,207,306,509,984,"1,380","1,712","2,132","2,471","2,184","1,895","1,803","1,910","1,703","1,644","1,710","1,645","1,102",909,725,491,371
2 ,238,202,182,171,261,625,"1,065","1,452","1,594","1,878","2,288","2,102","1,837","1,654","1,813","1,878","1,736","1,696","1,571","1,092",875,757,449,346
1 ,267,194,161,130,148,245,409,513,668,886,"1,132","1,091",991,969,"1,098","1,193","1,171","1,103","1,047",878,726,690,528,342
7 ,315,245,217,236,269,450,780,"1,075","1,417","1,669","2,094","2,237","1,762","1,457","1,455","1,522","1,714","1,591","1,417","1,064",798,626,443,316
6 ,209,175,174,162,257,472,941,"1,312","1,564","1,733","2,066","1,970","1,728","1,634","1,804","1,926","1,733","1,908","2,018","1,531","1,159",949,638,390
5 ,298,237,234,222,225,360,650,954,"1,156","1,769","2,121","2,310","1,769","1,297","1,335","1,336","1,231","1,205",959,767,640,567,388,287
4 ,270,219,207,218,281,497,867,"1,367","1,740","2,186","2,533","2,286","1,892","1,981","1,932","1,989","1,835","1,879","2,146","1,631","1,197",914,584,385
3 ,226,202,178,181,277,503,866,"1,259","1,541","2,051","2,238","2,344","2,067","1,925","1,917","2,021","1,793","1,746","1,508",993,822,687,429,330
2 ,244,179,176,161,324,709,"1,006","1,440","1,611","2,124","2,335","2,202","1,879","1,870","1,871","1,703","1,610","1,631","1,404","1,025",749,637,439,316
1 ,260,184,144,139,186,242,427,577,762,904,"1,087","1,143",999,"1,033","1,115","1,201","1,262","1,163","1,014",848,813,672,511,331
7 ,300,258,208,203,244,409,714,"1,127","1,327","1,686","1,958","2,259","1,731","1,323","1,389","1,521","1,490","1,747","1,301",969,749,566,449,326
6 ,244,210,174,188,255,462,837,"1,291","1,554","2,030","2,252","2,031","1,669","1,834","1,962","1,824","1,788","2,120","2,196","1,503","1,114",853,559,412
5 ,239,200,174,201,238,425,825,"1,364","1,778","2,163","2,398","2,333","1,975","1,845","1,789","1,789","1,635","1,736","1,567",982,764,699,480,308
4 ,246,222,174,188,246,487,839,"1,286","1,690","2,020","2,180","2,012","1,862","1,711","1,760","1,758","1,573","1,717","1,628","1,113",772,683,472,321
3 ,283,244,208,214,286,533,957,"1,357","1,549","2,035","2,356","2,186","1,901","1,828","1,789","1,691","1,653","1,698","1,393",972,878,679,427,306
2 ,295,226,150,201,327,639,"1,086","1,356","1,472","1,677","1,910","1,791","1,509","1,460","1,666","1,541","1,418","1,442","1,321",967,837,674,504,369
1 ,252,191,177,149,147,214,290,407,486,652,807,934,940,"1,001","1,090","1,114","1,068","1,022",853,849,765,646,542,384
7 ,265,190,176,156,182,280,385,535,697,942,"1,147","1,304","1,244","1,112","1,127","1,108",980,887,701,658,558,489,481,351
6 ,263,207,188,230,404,688,"1,164","1,703","1,562","1,613","2,066","2,497","2,249","2,126","2,418","2,660","2,429","2,412","1,379",994,811,730,623,350
5 ,"1,102","1,093",956,897,"1,482","1,636","1,683","1,273","1,603","1,722","1,945","1,912","2,281","1,954","2,025","2,038","1,676","1,085",886,803,684,584,482,335
4 ,316,241,204,221,291,463,768,"1,204","1,513","1,703","1,994","2,131","2,104","1,947","1,754","1,626","1,817","2,296","1,973","1,173","1,196","1,247","1,447",980
3 ,320,230,211,200,263,416,734,"1,256","1,667","2,083","2,283","2,296","2,236","1,970","2,026","2,358","2,042","1,960","1,683","1,291",987,826,598,420
2 ,253,196,161,180,265,532,923,"1,274","1,561","2,001","2,067","2,091","2,003","1,939","1,925","1,952","1,641","1,582","1,313",945,768,579,474,412
1 ,222,159,139,125,129,205,332,435,617,824,975,939,905,930,985,"1,054","1,011",872,646,733,736,553,524,328
7 ,353,249,232,235,304,422,767,"1,082","1,332","1,617","1,725","1,602","1,406","1,338","1,369","1,441","1,442","1,560","1,102",808,592,498,412,273
6 ,310,229,181,150,262,470,800,"1,251","1,589","1,977","2,101","2,046","1,922","1,830","1,975","1,922","1,916","2,104","1,975","1,371","1,081",800,508,375
5 ,278,194,141,197,253,411,778,"1,264","1,658","2,000","2,301","2,156","1,873","1,968","1,927","1,799","1,690","1,696","1,246","1,026",867,608,426,339
4 ,227,187,186,202,255,376,728,"1,142","1,448","1,870","2,090","2,166","1,835","1,673","1,860","1,767","1,677","1,614","1,435","1,007",755,600,395,294
3 ,235,209,189,244,254,389,750,"1,190","1,581","1,940","2,214","2,003","1,767","1,632","1,737","1,710","1,605","1,516","1,413",948,710,588,437,315
2 ,264,210,122,164,268,547,"1,080","1,267","1,533","1,794","2,064","2,008","1,744","1,507","1,623","1,675","1,485","1,486","1,404",963,767,585,394,313
1 ,208,172,123,91,115,181,295,415,591,773,923,"1,008",907,922,"1,048","1,075","1,115","1,012",803,753,660,601,427,340
7 ,295,215,205,171,245,347,586,865,"1,171","1,555","1,801","1,754","1,791","1,385","1,395","1,534","1,547","1,563","1,187",813,576,491,353,288
6 ,245,200,190,200,214,406,701,"1,165","1,535","1,850","2,201","2,044","1,682","1,731","1,926","1,982","1,904","2,128","2,235","1,514","1,172",819,527,372
5 ,293,208,209,184,243,390,682,"1,182","1,628","2,002","2,225","2,318","1,716","1,567","1,769","1,721","1,621","1,641","1,421",917,806,671,419,316
4 ,235,207,166,14,240,360,716,"1,213","1,599","1,896","1,995","1,874","1,711","1,665","1,717","1,734","1,582","1,623","1,387",969,705,547,398,311
3 ,237,214,198,200,251,438,821,"1,369","1,703","1,949","2,050","2,037","1,746","1,740","1,801","1,714","1,658","1,765","1,461","1,102",857,643,444,296
2 ,233,179,174,170,283,663,"1,067","1,369","1,573","1,745","2,027","1,930","1,668","1,570","1,671","1,754","1,562","1,640","1,379",996,752,727,450,332
1 ,232,140,152,133,109,187,359,445,570,779,943,"1,080",997,"1,058","1,102","1,212","1,286","1,200",867,828,807,710,542,323
7 ,345,241,215,197,236,364,573,833,"1,074","1,384","1,853","1,745","1,454","1,322","1,393","1,506","1,596","1,628","1,275",984,682,529,417,270
6 ,256,224,197,231,221,380,675,"1,106","1,376","1,791","1,952","2,067","1,960","1,928","1,820","1,631","1,992","2,281","2,636","1,794","1,264",931,593,385
5 ,309,217,208,187,269,393,694,"1,096","1,542","2,032","2,249","1,877","1,672","1,643","1,654","1,651","1,692","1,608","1,542","1,111",864,644,474,386
4 ,252,201,188,209,249,394,706,"1,273","1,504","1,812","2,006","1,973","1,749","1,656","1,717","1,665","1,579","1,616","1,535","1,013",803,635,442,328
3 ,183,119,91,96,171,365,702,"1,277","1,502","1,859","1,972","2,027","1,702","1,677","1,720","1,667","1,569","1,720","1,439",994,786,611,313,228
1 ,244,199,176,146,154,249,395,534,674,873,931,907,785,813,926,"1,102","1,126","1,117",966,818,815,676,536,349
7 ,320,254,233,204,271,406,737,"1,043","1,303","1,740","1,888","2,065","1,550","1,255","1,348","1,348","1,508","1,479","1,258",884,728,555,429,29
6 ,240,199,180,214,274,457,848,"1,312","1,653","1,908","2,045","1,903","1,783","1,707","1,750","1,671","1,638","2,026","2,590","1,724","1,351",908,654,364
5 ,259,234,204,194,286,467,885,"1,323","1,568","2,008","2,193","2,178","1,821","1,260","1,862","1,673","1,617","1,731","1,590","1,052",859,679,446,303
4 ,229,227,161,194,275,437,849,"1,125","1,513","1,749","1,877","1,734","1,542","1,468","1,552","1,606","1,598","1,665","1,460",934,872,645,456,336
3 ,266,197,165,171,267,480,855,"1,254","1,506","1,988","2,159","2,057","1,765","1,745","1,681","1,617","1,426","1,456","1,407",915,735,607,391,314
2 ,243,192,172,209,288,654,"1,049","1,257","1,532","1,852","1,931","1,811","1,669","1,580","1,742","1,594","1,507","1,519","1,332",978,819,630,457,361
1 ,230,176,141,105,115,190,291,477,610,753,945,896,838,793,941,"1,006","1,034",987,836,757,735,627,525,340
7 ,289,224,215,223,251,326,538,756,"1,104","1,186","1,353","1,340","1,402","1,365","1,344","1,487","1,430","1,442",960,778,568,458,358,262
6 ,259,215,176,165,243,395,686,"1,076","1,303","1,774","2,060","2,011","1,679","1,622","1,789","1,717","1,626","1,967","1,970","1,567","1,167",770,525,356
5 ,267,209,177,186,257,398,750,"1,242","1,448","1,795","1,746","1,949","1,685","1,621","1,762","1,637","1,602","1,503","1,343",918,756,610,390,31
4 ,282,239,213,183,252,382,583,991,"1,307","1,775","2,041","1,977","1,743","1,665","1,641","1,658","1,543","1,527","1,585",968,732,611,479,316
3 ,255,191,188,185,257,427,763,"1,216","1,423","1,619","2,039","1,897","1,589","1,599","1,700","1,647","1,631","1,428","1,286",902,728,652,444,297
2 ,251,209,185,201,284,691,"1,162","1,340","1,480","1,615","1,791","1,898","1,782","1,655","1,813","1,688","1,606","1,506","1,327",942,779,586,381,327
1 ,234,199,154,98,143,192,322,436,620,810,999,"1,012",993,985,"1,065","1,249","1,290","1,129",842,776,731,630,473,346
7 ,276,222,211,221,236,418,721,979,"1,236","1,519","1,699","1,803","1,761","1,364","1,641","1,619","1,582","1,589","1,169",868,693,528,425,283
6 ,193,129,127,137,251,442,693,"1,064","1,363","1,640","1,923","1,682","1,595","1,538","1,731","1,757","1,868","1,949","2,141","1,562","1,218",890,570,383
5 ,190,123,130,164,231,407,719,"1,203","1,375","1,697","2,024","1,761","1,551","1,326","1,564","1,506","1,404","1,216","1,053",693,536,529,324,237
4 ,174,121,148,162,225,372,778,"1,153","1,329","1,684","1,788","1,790","1,523","1,499","1,589","1,494","1,347","1,255","1,095",727,620,542,305,239
3 ,202,154,145,140,298,637,987,"1,319","1,254","1,460","1,655","1,634","1,400","1,334","1,483","1,411","1,259","1,190",993,722,546,445,312,238
2 ,188,204,186,132,137,207,279,368,494,689,986,"1,062",998,"1,109","1,242","1,356","1,451","1,158",938,756,722,677,459,288
1 ,174,130,123,129,152,217,259,445,601,839,"1,060","1,359","1,322","1,191","1,255","1,309","1,112","1,071",752,647,606,433,327,244
7 ,237,179,144,143,191,314,612,893,"1,159","1,357","1,890","2,063","1,873","2,018","2,382","2,177","2,130","1,569",990,861,662,503,378,261
6 ,218,236,190,132,196,340,615,983,"1,376","1,552","1,709","1,638","1,696","1,774","1,870","1,985","2,251","2,283","2,304","1,490","1,066",671,441,342
5 ,201,140,141,170,229,362,656,"1,011","1,128","1,641","1,912","1,841","1,620","1,657","1,727","1,702","1,643","1,336","1,136",848,771,638,356,264
4 ,198,166,135,140,208,357,670,977,"1,386","1,671","1,815","1,963","1,684","1,697","1,633","1,801","1,447","1,297","1,158",753,733,525,318,261
3 ,191,142,164,176,267,588,928,"1,263","1,495","1,685","2,000","1,890","1,919","1,871","1,914","2,032","1,829","1,236","1,088",744,663,603,377,258
2 ,245,163,148,182,209,309,425,494,557,706,864,"1,049","1,263","1,212","1,225","1,295","1,319","1,121",872,815,708,648,413,284
1 ,256,188,159,154,170,215,362,479,638,815,957,"1,106","1,181","1,130","1,100","1,140","1,178",914,737,557,511,493,341,253
7 ,307,232,208,230,253,440,795,"1,135","1,584","1,936","2,270","1,849","1,453","1,511","1,829","2,176","2,301","2,039","1,514",895,608,563,394,330
6 ,266,196,219,215,306,457,754,"1,148","1,475","1,787","1,988","1,807","1,822","1,812","1,859","1,967","2,055","2,251","1,955","1,416","1,155",840,512,408
5 ,232,180,135,205,262,430,694,"1,019","1,248","1,488","1,831","1,783","1,727","1,668","1,728","1,747","1,659","1,693","1,388",926,804,570,364,265
4 ,222,185,143,190,256,400,809,"1,202","1,356","1,807","1,856","1,903","1,702","1,755","1,805","1,768","1,698","1,762","1,440",933,764,578,385,286
3 ,268,215,188,172,298,490,866,"1,365","1,600","1,906","2,118","1,871","1,843","1,739","1,775","1,880","1,697","1,835","1,610",929,761,608,351,234
2 ,259,204,176,192,282,602,952,"1,147","1,375","1,436","1,679","2,076","1,668","1,628","1,781","1,675","1,641","1,558","1,425",943,833,672,431,285
1 ,270,229,169,127,148,251,339,488,596,771,968,"1,087","1,047","1,042","1,182","1,308","1,353","1,301","1,037",999,827,715,581,370
7 ,323,255,252,225,278,428,840,"1,214","1,424","1,710","1,988","2,264","1,743","1,420","1,462","1,704","1,840","1,855","1,497",977,794,645,529,355
6 ,320,240,220,227,302,510,879,"1,323","1,410","1,699","2,119","2,119","1,939","1,777","1,984","1,943","2,070","2,171","2,445","1,780","1,289",971,687,424
5 ,276,225,189,197,282,426,784,"1,201","1,404","1,654","2,019","2,191","1,854","1,664","1,837","1,745","1,779","1,791","1,550","1,080",869,678,500,405
4 ,288,247,203,217,286,442,828,"1,213","1,384","1,669","1,793","2,042","1,610","1,611","1,852","1,924","1,686","1,771","1,714","1,151",832,664,485,402
3 ,300,216,224,209,329,481,864,"1,272","1,554","1,737","1,815","1,904","1,786","1,532","1,711","1,738","1,643","1,709","1,561","1,049",746,681,490,351
2 ,217,190,163,201,308,827,"1,199","1,492","1,634","1,921","2,297","2,086","1,710","1,632","1,878","1,802","1,675","1,592","1,579","1,017",866,715,497,374
1 ,311,210,169,128,181,268,426,596,707,876,"1,024","1,183","1,028","1,008","1,076","1,193","1,341","1,258","1,027",977,834,654,501,368
7 ,303,286,264,201,319,457,902,"1,213","1,484","1,770","2,042","2,057","1,629","1,480","1,624","1,703","1,992","1,932","1,532","1,115",801,651,518,404
6 ,264,217,216,206,271,526,895,"1,308","1,562","1,883","2,230","2,121","1,705","1,804","1,930","1,846","1,955","2,204","2,336","1,834","1,336","1,025",597,457
5 ,264,202,212,223,295,476,827,"1,298","1,422","1,867","2,232","2,065","1,771","1,642","1,660","1,796","1,705","1,646","1,467","1,082",852,620,445,349
4 ,270,187,215,233,312,512,787,"1,187","1,346","1,852","1,987","2,003","1,887","1,614","1,796","1,687","1,609","1,735","1,593","1,025",842,659,482,306
3 ,242,201,222,205,326,526,950,"1,364","1,737","2,223","2,290","2,177","1,784","1,580","1,782","1,801","1,713","1,626","1,563","1,103",843,695,475,331
2 ,256,187,170,212,393,844,"1,156","1,553","1,631","1,888","2,094","2,068","1,856","1,708","1,908","1,916","1,745","1,778","1,404",980,825,711,394,307
1 ,271,216,161,139,175,264,456,566,715,924,"1,180","1,163","1,032","1,007","1,204","1,227","1,325","1,192","1,007",947,858,703,597,363
7 ,368,289,260,249,320,495,931,"1,254","1,459","1,965","2,308","2,341","1,843","1,899","1,739","1,830","1,875","1,837","1,357","1,205",821,628,512,360
6 ,310,267,222,239,305,516,"1,012","1,329","1,478","1,965","2,223","2,052","1,834","1,997","1,967","2,031","2,106","2,433","2,524","2,045","1,366","1,010",683,533
5 ,298,247,240,242,314,549,985,"1,514","1,671","2,085","2,213","2,089","1,756","1,717","1,827","1,730","1,673","1,820","1,713","1,078",958,724,522,407
4 ,288,235,220,228,321,559,946,"1,365","1,450","1,659","1,888","1,832","1,716","1,654","1,717","1,786","1,648","1,808","1,833","1,202",865,703,503,405
3 ,299,247,232,231,348,586,"1,083","1,517","1,712","1,957","2,268","2,198","1,651","1,595","1,698","1,568","1,605","1,677","1,499","1,112",780,653,492,359
2 ,309,230,219,231,360,862,"1,271","1,455","1,715","1,905","2,332","2,185","1,893","1,915","1,834","1,812","1,806","1,768","1,677","1,122",838,725,498,400
1 ,225,180,170,115,155,260,459,695,875,"1,014","1,152","1,053",963,964,967,"1,104","1,175","1,196","1,054","1,046",885,820,618,460
7 ,329,248,218,254,314,517,935,"1,379","1,586","1,762","2,157","1,948","2,747","2,554","1,526","1,800","1,964","2,333","1,590","1,083",796,601,451,340
6 ,338,275,214,218,272,484,832,"1,152","1,469","1,657","1,852","1,830","2,053","1,775","1,850","1,859","2,017","2,003","2,253","1,771","1,452","1,088",708,445
5 ,275,253,229,241,315,552,"1,083","1,432","1,553","1,999","1,552","2,319","1,925","1,791","1,840","1,852","1,722","1,847","1,615","1,088",853,659,449,398
4 ,277,233,231,251,291,568,"1,066","1,360","1,509","1,878","2,443","2,243","1,740","1,729","2,031","1,808","1,739","1,767","1,939","1,236",945,690,489,353
3 ,292,207,194,245,319,518,"1,005","1,475","1,557","1,987","2,405","2,369","1,814","1,731","1,998","1,977","1,827","1,902","1,582","1,200",979,741,523,368
2 ,258,194,192,233,387,881,"1,342","1,617","1,819","1,894","2,238","2,163","1,897","1,845","1,949","1,836","1,670","1,777","1,612","1,153",906,685,472,345
1 ,238,211,158,146,179,313,605,768,"1,056","1,083","1,241","1,323","1,149","1,066","1,204","1,332","1,391","1,314","1,122","1,026",992,811,673,366
7 ,359,238,262,216,351,584,"1,092","1,493","1,967","2,270","2,339","2,307","2,246","2,280","2,000","1,803","1,996","1,884","1,724","1,221",957,712,475,316
6 ,313,233,253,225,319,597,"1,079","1,412","1,659","2,114","2,286","2,357","2,050","2,026","2,042","2,116","2,109","2,387","2,765","2,132","1,617","1,235",838,518
5 ,295,266,230,247,321,610,"1,033","1,430","1,579","2,071","2,627","2,253","1,743","1,803","1,877","1,952","1,881","1,854","1,872","1,239",963,727,531,379
4 ,297,223,180,221,336,611,"1,158","1,488","1,679","2,071","2,303","2,247","1,933","1,807","1,813","1,772","1,795","1,959","1,870","1,220",905,719,506,398
3 ,270,242,201,247,324,605,"1,127","1,557","1,651","2,134","2,563","2,119","1,894","1,898","1,978","1,785","1,749","1,876","1,738","1,171",918,692,526,413
2 ,287,192,201,214,390,836,"1,430","1,631","1,717","1,910","2,395","2,131","1,884","1,763","1,943","1,858","1,834","1,872","1,723","1,188",924,730,546,395
1 ,256,213,160,139,148,312,556,834,975,"1,126","1,306","1,272","1,066","1,058","1,235","1,366","1,486","1,520","1,383","1,138","1,006",796,666,414
7 ,352,281,260,235,350,657,"1,211","1,704","2,176","2,410","2,629","2,155","1,875","1,812","1,724","1,883","1,903","2,288","1,915","1,275",893,746,551,380
6 ,291,265,212,229,282,544,"1,049","1,426","1,634","2,008","2,516","2,264","2,143","1,886","2,007","1,929","2,230","2,594","2,657","2,246","1,702","1,239",778,537
5 ,289,227,208,232,329,565,"1,094","1,599","1,767","2,198","2,511","2,629","2,025","1,906","1,884","1,806","1,924","1,976","1,765","1,211",932,748,469,372
4 ,296,214,223,256,333,615,"1,146","1,469","1,694","1,958","2,268","2,015","1,784","1,600","1,671","1,596","1,560","1,895","1,976","1,287",896,676,538,384
3 ,302,217,229,225,335,666,"1,152","1,510","1,845","2,236","1,836","2,435","2,096","1,791","1,925","1,908","1,843","1,824","1,721","1,198",933,729,522,386
2 ,284,229,191,226,368,952,"1,411","1,724","1,917","2,149","2,322","2,338","1,917","1,916","1,999","1,849","1,783","1,865","1,680","1,211",937,760,539,400
3 ,295,258,233,233,317,599,"1,109","1,563","1,746","2,350","2,568","2,338","2,010","1,797","1,853","1,893","1,796","1,978","1,853","1,254",928,769,528,419
2 ,291,208,217,226,366,894,"1,453","1,676","1,633","2,146","2,421","2,288","1,883","1,813","1,921","1,838","1,832","1,856","1,651","1,244",977,717,526,387
1 ,278,197,174,157,224,370,658,878,"1,059","1,216","1,415","1,347","1,164","1,147","1,101","1,330","1,534","1,372","1,172","1,033",971,806,622,424
7 ,380,303,265,239,360,684,"1,313","1,769","2,199","2,400","2,380","2,028","2,156","1,947","2,032","1,707","2,136","2,492","1,995","1,305","1,024",739,551,402
6 ,284,243,199,259,316,658,"1,091","1,537","1,675","2,066","2,448","2,293","2,076","2,028","2,051","2,127","2,324","2,460","2,573","1,998","1,575","1,187",773,559
5 ,308,217,227,229,344,633,"1,249","1,628","1,825","2,326","2,598","2,330","2,071","1,961","1,881","1,874","1,849","1,958","1,814","1,230",911,766,550,421
4 ,319,233,223,243,345,645,"1,158","1,604","1,672","2,080","2,268","2,039","1,860","1,826","1,879","1,887","1,855","1,988","1,932","1,209",979,720,523,412
3 ,267,274,230,251,342,663,"1,290","1,667","1,803","2,316","2,644","2,705","2,011","1,820","2,063","1,817","1,851","1,943","1,643","1,166",956,755,576,408
2 ,298,232,205,252,374,977,"1,460","1,679","1,921","2,111","2,310","2,394","1,848","1,907","1,949","1,848","1,764","1,925","1,737","1,218",946,757,576,393
1 ,258,220,183,179,196,350,675,972,"1,119","1,318","1,445","1,297","1,172","1,148","1,220","1,330","1,366","1,427","1,190","1,094",981,848,594,447
7 ,368,291,253,258,368,640,"1,397","1,855","2,102","2,356","2,437","2,318","2,001","1,730","1,881","1,875","1,889","1,992","1,716","1,239",982,690,526,332
6 ,330,237,255,236,336,677,"1,182","1,519","1,759","2,078","2,292","2,111","2,083","2,183","2,276","2,212","2,103","2,370","2,671","2,012","1,510","1,140",745,513
5 ,349,240,238,250,326,634,"1,162","1,531","1,864","2,112","2,530","2,607","2,198","1,940","2,018","2,019","1,801","1,739","1,738","1,350","1,006",751,552,415
4 ,360,226,228,233,337,659,"1,231","1,615","1,864","2,185","2,540","2,340","1,913","1,859","1,832","1,822","1,843","1,924","1,944","1,289","1,020",717,489,408
3 ,306,256,230,230,333,669,"1,244","1,600","1,790","2,153","2,661","2,469","2,135","2,145","1,843","1,890","1,764","1,862","1,850","1,202","1,022",807,523,431
2 ,304,233,173,226,338,901,"1,424","1,698","1,815","2,022","2,342","2,413","1,992","1,824","1,925","2,046","1,889","2,031","1,779","1,197",967,836,523,384
1 ,265,176,157,157,188,349,604,810,921,"1,036","1,242","1,264","1,094","1,046","1,142","1,288","1,336","1,316","1,185","1,076","1,011",780,598,394
7 ,340,273,248,253,309,595,"1,194","1,642","1,913","2,160","2,525","2,291","1,707","1,425","1,568","1,763","1,740","1,846","1,637","1,269",937,661,477,336
6 ,338,259,230,264,296,625,"1,193","1,461","1,763","2,185","2,575","2,461","1,982","1,938","2,091","1,892","1,893","2,465","2,615","2,080","1,456","1,017",724,486
5 ,293,254,237,244,324,632,"1,177","1,504","1,763","2,132","2,638","2,518","2,068","1,917","1,999","1,967","1,914","1,908","1,785","1,216",955,855,546,401
4 ,320,248,229,269,325,555,"1,009","1,406","1,575","1,774","2,335","2,287","2,049","1,760","1,748","1,738","1,701","1,729","1,805","1,223",876,692,552,399
3 ,274,219,182,229,329,713,"1,138","1,457","1,529","1,700","2,050","1,935","1,734","1,628","1,736","1,684","1,579","1,751","1,576","1,088",925,759,508,379
2 ,272,195,178,178,284,553,838,795,876,"1,119","1,338","1,304","1,149","1,185","1,237","1,260","1,212","1,263","1,044",876,819,663,499,352
1 ,263,220,180,119,182,329,455,597,716,858,"1,101","1,125","1,033",986,"1,095","1,106","1,113","1,029",828,815,740,614,482,340
7 ,270,223,185,212,245,475,708,859,975,"1,219","1,455","1,583","1,522","1,299","1,079","1,069","1,118",981,901,766,652,466,407,363
6 ,322,220,190,184,228,341,572,772,"1,000","1,228","1,512","1,581","1,609","1,533","1,194","1,127","1,108",932,812,662,691,523,444,379
5 ,359,243,211,190,286,549,897,"1,189","1,810","2,150","2,611","2,028","2,051","2,160","2,322","1,639","1,434","1,237",958,879,818,630,530,425
4 ,291,205,217,237,412,748,"1,574","1,921","2,196","2,816","2,912","2,414","1,595","1,781","2,060","2,362","1,842","1,604","1,733","1,795","1,138",827,649,470
3 ,675,643,513,578,894,"1,518","1,974","1,925","1,511","1,470","2,156","1,818","1,767","1,901","2,129","2,388","2,273","1,519","1,042",834,692,604,475,403
2 ,303,252,221,224,368,621,"1,003","1,215","1,557","1,944","2,410","2,625","2,458","2,671","2,081","2,024","1,904","1,883","1,579","1,372","1,525","1,110",895,806
1 ,307,268,248,237,297,569,894,"1,020","1,261","1,460","1,665","2,189","1,991","2,262","2,043","1,543","1,324","1,224",956,885,625,603,473,383
