1 ,284,185,176,210,236,341,486,652,846,"1,217","1,399","1,516","1,647","1,875","2,239","2,432","2,428","2,643","2,164","1,724","1,411","1,036",665,473
7 ,379,268,293,312,385,679,975,"1,183","1,604","1,869","1,966","1,887","1,810","1,987","2,525","2,240","2,322","2,539","2,380","1,898","1,345","1,013",696,501
6 ,278,248,222,261,446,821,"1,179","1,664","1,784","2,158","2,296","2,315","2,218","2,481","2,924","2,837","2,670","2,843","2,922","2,436","1,780","1,390",912,581
5 ,338,255,214,253,431,892,"1,393","1,824","1,650","1,891","2,097","2,179","2,053","2,201","2,469","2,611","2,344","2,487","2,426","1,809","1,276",981,613,433
4 ,"1,743","1,050",840,298,307,347,559,811,897,"1,169","1,639","2,077","2,555","2,561","2,566","2,319","2,282","2,533","2,429","2,548","2,246","1,944","1,309",747
3 ,"1,602","1,575",772,302,280,394,663,907,"1,525","1,789","2,448","2,925","2,754","2,706","2,981","2,785","2,348","2,711","2,644","2,592","2,570","2,489","2,272","2,315"
2 ,219,149,107,126,200,410,"1,003","1,321","1,245","1,706","2,637","3,322","3,153","2,468","2,051","2,456","2,638","2,608","2,685","2,591","2,643","2,463","2,314","2,173"
1 ,373,239,207,222,360,338,508,776,988,"1,219","1,433","1,583","1,486","1,529","1,631","1,565","1,399","1,312","1,254",948,830,661,483,367
7 ,523,352,349,349,468,619,837,"1,020","1,408","1,294","1,352","1,336","1,505","1,710","1,740","1,801","1,600","1,634","1,551","1,178",972,815,631,489
6 ,333,237,284,270,389,698,"1,077","1,617","1,730","1,992","2,311","2,284","2,376","2,536","2,862","2,583","2,717","2,869","2,557","1,945","1,517","1,209","1,080",625
5 ,390,244,242,297,472,812,"1,166","1,739","1,923","2,247","2,456","2,307","2,474","2,753","3,054","2,928","2,936","2,753","2,611","2,051","1,484","1,168",775,527
4 ,369,275,248,291,442,855,"1,312","1,741","1,929","2,293","2,419","2,314","2,362","2,711","3,087","3,189","3,092","3,035","2,846","2,125","1,597","1,233",887,659
3 ,398,245,262,304,465,909,"1,405","1,790","1,922","2,265","2,505","2,391","2,507","2,674","2,952","2,909","3,256","2,875","2,740","2,101","1,566","1,274",924,630
2 ,331,228,227,271,531,"1,094","1,613","1,995","2,264","1,933","2,096","2,241","2,352","2,446","3,017","2,917","2,790","2,821","2,771","2,055","1,680","1,325",948,657
1 ,336,251,213,188,324,456,672,844,"1,057","1,461","1,742","2,027","2,285","2,864","2,796","2,767","2,743","2,460","2,278","2,480","2,015","1,437",937,570
7 ,430,331,306,308,490,818,"1,162","1,464","1,663","2,122","2,279","2,267","2,126","2,697","3,218","3,146","2,972","2,805","2,561","2,337","1,688","1,161",818,700
6 ,390,259,244,284,383,906,"1,277","1,720","1,894","2,249","2,395","2,335","2,511","2,705","3,234","3,404","3,054","2,976","3,102","2,468","1,958","1,410",965,693
5 ,384,238,218,268,453,881,"1,277","1,809","1,944","2,259","2,312","2,232","2,275","2,391","2,892","3,108","3,236","2,927","2,805","1,967","1,613","1,171",980,623
4 ,379,226,214,265,419,925,"1,362","1,727","1,930","2,279","2,380","2,212","2,235","2,517","2,893","3,019","2,959","2,871","2,767","2,105","1,575","1,204",843,611
3 ,310,215,182,267,442,835,"1,405","1,735","2,051","2,219","2,244","2,203","2,327","2,651","2,888","3,126","2,949","2,903","2,782","1,993","1,643","1,114",863,522
2 ,353,214,205,271,534,"1,107","1,794","2,149","1,983","2,076","2,354","2,154","2,151","2,310","2,693","2,961","2,829","2,703","2,716","1,946","1,482","1,167",790,573
1 ,347,208,174,178,254,425,670,872,"1,113","1,458","1,804","2,084","2,332","2,997","2,993","2,711","2,564","2,310","2,466","2,498","2,507","2,451","1,778",743
7 ,347,332,315,329,472,840,"1,150","1,393","1,658","1,823","1,992","2,271","2,657","2,329","3,014","3,179","2,789","2,620","2,279","2,065","2,097","1,807",999,694
6 ,340,250,231,282,431,811,"1,226","1,597","1,818","2,161","2,316","2,381","2,354","2,736","2,746","2,908","3,091","3,025","2,586","2,675","1,986","1,523","1,106",680
5 ,388,256,238,309,424,786,"1,334","1,721","1,937","2,205","2,379","2,169","1,705","2,579","2,602","2,802","2,961","2,792","2,653","1,897","1,544","1,198",721,530
4 ,310,273,233,258,458,791,"1,291","1,710","1,851","2,124","2,338","2,090","2,170","2,399","2,809","2,952","2,763","2,744","2,810","2,090","1,491","1,233",869,622
3 ,258,185,216,261,396,732,"1,253","1,661","1,809","2,087","2,319","2,198","2,285","2,336","2,792","2,731","2,711","2,867","2,802","1,856","1,505","1,209",847,519
2 ,303,221,220,280,512,995,"1,677","2,086","1,868","2,051","2,227","2,227","2,221","2,312","2,532","2,559","2,458","2,413","2,410","1,448","1,172",946,612,387
1 ,465,252,174,235,317,458,598,760,"1,015","1,274","1,671","1,869","2,117","2,689","2,713","2,999","2,775","2,660","2,623","2,649","2,540","1,965","1,094",648
7 ,429,340,314,289,466,742,"1,093","1,306","1,593","1,882","1,965","1,946","2,100","2,540","2,404","2,970","3,027","2,792","2,851","2,340","1,725",961,661,695
6 ,283,191,185,236,404,737,"1,218","1,633","1,759","1,916","2,236","2,243","2,235","2,391","2,664","2,983","3,197","2,750","3,210","2,539","1,938","1,454","1,059",655
5 ,296,242,169,211,374,723,"1,017","1,608","1,723","2,063","2,151","2,157","1,995","2,273","2,643","2,661","2,614","2,649","2,619","1,915","1,436",957,648,458
4 ,277,207,175,213,337,661,"1,003","1,572","1,754","2,041","2,146","2,050","2,158","2,263","2,662","2,448","2,519","2,515","2,522","1,494","1,292",976,622,505
3 ,235,180,180,226,344,639,994,"1,502","1,629","1,949","2,138","2,088","1,992","2,122","2,380","2,759","2,532","2,280","2,290","1,576","1,175",864,635,393
2 ,305,198,164,218,398,865,"1,476","1,940","1,686","1,959","2,201","1,991","1,851","1,851","2,308","2,524","2,380","2,332","2,433","1,426","1,049",988,655,372
1 ,358,236,164,145,216,345,524,666,"1,023","1,370","1,590","1,808","2,115","2,547","2,771","2,786","2,787","2,567","2,693","2,689","2,286","1,532","1,014",492
7 ,330,281,225,240,405,758,"1,080","1,252","1,556","1,817","2,003","1,917","1,855","2,170","2,418","2,695","2,722","2,874","2,601","1,883","1,636","1,226",908,687
6 ,202,162,140,184,267,408,742,"1,182","1,291","1,308","1,761","1,820","1,831","2,025","2,214","2,348","2,311","2,602","2,903","2,006","1,634","1,221",864,581
5 ,322,257,201,216,346,657,"1,042","1,523","1,780","1,871","1,998","2,064","1,893","2,124","2,354","2,278","2,222","2,278","2,289","1,360",985,702,439,339
4 ,355,257,193,245,400,794,"1,272","1,646","1,768","2,014","2,281","2,241","2,259","2,444","2,575","2,932","2,561","2,801","2,774","1,999","1,474","1,122",839,558
3 ,260,219,164,248,461,750,"1,235","1,673","1,816","2,065","2,160","2,197","2,184","2,428","2,680","2,661","2,763","2,659","2,652","1,847","1,498","1,157",769,74
2 ,315,178,156,264,447,"1,026","1,672","2,052","1,916","1,986","2,180","2,227","2,245","2,306","2,626","2,588","2,592","2,642","2,424","1,712","1,350",994,773,55
1 ,397,202,187,171,240,339,554,701,926,"1,280","1,484","1,643","1,951","2,346","2,879","2,770","2,689","2,743","2,686","2,590","2,581","2,060","1,184",83
7 ,442,304,268,273,435,753,"1,046","1,243","1,441","1,841","1,913","1,910","1,980","2,041","2,042","2,409","2,720","2,552","2,387","1,641","1,512","1,240",865,46
6 ,375,273,230,254,410,834,"1,216","1,738","1,831","2,101","2,209","2,452","2,100","2,295","2,362","3,058","2,864","3,070","3,214","2,344","2,070","1,425","1,032",63
5 ,356,218,185,257,420,862,"1,454","1,900","1,876","2,105","2,164","2,023","2,279","2,334","2,381","2,344","2,978","2,660","2,528","1,794","1,428","1,234",823,65
4 ,381,273,231,250,393,726,901,"1,055","1,275","1,600","1,754","1,649","1,767","2,040","2,410","2,590","2,556","2,685","2,382","1,826","1,671","1,222",843,55
3 ,393,245,229,260,397,794,"1,268","1,716","1,875","2,075","2,201","2,317","2,333","2,681","2,913","2,863","2,950","3,070","3,242","2,296","1,808","1,300",896,73
2 ,391,303,237,267,496,"1,028","1,694","2,120","1,928","2,112","2,300","2,259","2,164","2,406","2,529","2,699","2,632","2,541","2,524","1,786","1,429","1,137",841,61
1 ,377,258,183,186,208,358,516,730,908,"1,200","1,509","1,643","1,913","2,352","2,678","2,797","2,692","2,679","2,492","2,475","2,015","1,761","1,208",68
7 ,446,307,312,284,440,707,"1,066","1,309","1,450","1,768","1,847","1,766","2,013","2,148","2,240","2,225","2,604","2,570","2,178","1,820","1,649","1,297",927,76
6 ,363,269,211,256,418,806,"1,233","1,651","1,807","2,012","2,311","2,309","2,262","2,578","2,888","2,761","2,784","2,937","2,881","2,465","1,877","1,384","1,036",79
5 ,322,208,211,251,434,792,"1,265","1,733","1,852","2,160","2,235","2,237","2,264","2,412","2,743","2,653","2,762","2,641","2,564","1,765","1,396","1,067",824,47
4 ,305,230,205,269,378,740,"1,207","1,614","1,766","2,044","2,207","2,189","2,064","2,428","2,750","2,795","2,724","2,620","2,591","1,827","1,360","1,089",780,61
3 ,247,185,206,249,380,727,"1,240","1,604","1,815","2,039","2,278","2,289","2,213","2,307","2,606","2,747","2,538","2,563","2,487","1,808","1,425","1,084",766,42
2 ,387,226,176,217,468,905,"1,483","1,940","1,922","1,925","2,222","2,138","2,160","2,264","2,581","2,460","2,611","2,730","2,626","1,730","1,337","1,042",749,52
1 ,465,287,146,142,226,351,570,661,997,"1,328","1,751","2,138","2,493","2,591","2,570","2,521","2,560","2,650","2,383","2,249","2,166","1,714","1,295",84
7 ,475,311,263,265,391,637,884,"1,142","1,465","1,765","2,007","1,915","2,310","2,339","2,705","2,696","2,836","2,672","2,620","2,155","1,922","1,615","1,226",82
6 ,399,262,225,254,403,765,"1,070","1,397","1,609","1,931","2,182","2,227","1,985","2,379","2,629","2,916","2,749","2,921","2,025","2,072","1,503","1,295","1,153",54
5 ,364,240,232,269,478,745,"1,171","1,508","1,607","1,818","2,051","2,067","2,036","2,303","2,475","2,318","2,489","2,600","2,533","2,051","1,536","1,229",909,43
4 ,422,265,217,273,453,784,"1,193","1,537","1,667","1,979","2,126","2,116","2,193","2,187","2,449","2,713","2,607","2,763","2,757","1,882","1,550","1,188",918,58
3 ,370,243,225,229,417,809,"1,233","1,562","1,758","1,959","2,199","2,195","2,241","2,490","2,642","2,715","2,614","2,966","2,891","2,263","1,760","1,369",937,62
2 ,374,245,205,264,467,955,"1,569","1,831","1,829","2,109","2,248","2,286","2,362","2,402","2,600","2,761","2,621","2,590","2,737","2,128","1,573","1,185",852,70
1 ,354,258,172,163,231,399,574,762,928,"1,338","1,497","1,660","1,816","2,350","2,689","2,525","2,504","2,465","2,373","2,040","2,023","1,836","1,318",57
7 ,423,347,305,293,437,760,"1,144","1,426","1,540","1,799","1,806","1,710","1,886","2,082","2,200","2,399","2,422","2,500","2,350","1,499","1,304","1,197",878,80
6 ,371,241,223,275,480,853,"1,319","1,671","1,854","2,043","2,325","2,296","2,365","2,577","2,765","2,900","2,894","2,865","3,033","2,388","1,924","1,555","1,096",66
5 ,364,278,240,257,473,896,"1,386","1,720","1,968","2,244","2,329","2,217","2,416","2,417","2,706","2,720","2,687","2,594","2,484","1,853","1,481","1,141",783,50
4 ,335,263,226,242,446,791,"1,256","1,669","1,829","2,076","2,292","2,134","2,259","2,440","2,701","2,707","2,725","2,725","2,664","1,887","1,352","1,144",798,58
3 ,278,232,199,216,475,799,"1,296","1,726","1,898","2,178","2,264","2,324","2,120","2,376","2,712","2,770","2,514","2,622","2,659","1,683","1,415","1,079",748,55
2 ,324,212,198,242,504,"1,043","1,757","2,048","1,896","2,063","2,239","2,293","2,136","2,223","2,474","2,561","2,521","2,456","2,557","1,712","1,376","1,078",712,49
1 ,408,246,142,167,211,360,515,715,"1,008","1,326","1,547","1,741","1,979","2,466","2,079","2,667","2,679","2,643","2,521","2,243","2,047","1,622","1,171",617
7 ,560,303,276,306,454,753,"1,016","1,308","1,536","1,849","2,020","1,908","1,757","2,140","2,247","2,560","2,440","2,641","2,272","1,792","1,468","1,309","1,033",628
6 ,350,233,202,237,407,848,"1,250","1,691","1,728","2,139","2,373","2,273","2,219","2,538","2,753","3,110","3,173","3,113","3,138","2,384","1,925","1,565","1,117",896
5 ,368,256,190,252,425,804,"1,367","1,645","1,779","2,108","2,285","2,067","2,005","2,358","2,695","2,724","2,958","2,844","2,547","1,790","1,485","1,182",817,530
4 ,330,242,171,250,414,840,"1,277","1,623","1,852","2,031","2,280","2,205","2,134","2,317","2,761","2,725","2,859","2,794","2,765","1,749","1,381","1,099",797,583
3 ,331,202,202,234,419,806,"1,305","1,655","1,737","2,094","2,215","2,157","2,071","2,283","2,534","2,685","2,519","2,632","2,687","1,892","1,390","1,056",783,558
2 ,311,204,158,262,479,"1,048","1,691","2,046","1,933","2,060","2,208","2,197","2,027","2,210","2,489","2,521","2,454","2,483","2,554","1,774","1,377","1,051",731,481
1 ,431,261,193,171,279,381,549,758,919,"1,316","1,515","1,617","1,828","2,318","2,646","2,779","2,560","2,520","2,448","2,507","2,196","1,887","1,278",676
7 ,459,281,254,296,473,811,"1,101","1,304","1,659","1,784","1,910","1,896","1,786","2,174","2,430","2,590","2,614","2,651","2,353","1,857","1,585","1,416","1,008",625
6 ,359,226,202,291,425,801,"1,210","1,660","1,793","2,130","2,333","2,290","2,271","2,492","2,921","3,027","2,830","3,070","3,119","2,586","1,930","1,578","1,083",717
5 ,349,220,189,242,452,832,"1,274","1,702","1,788","2,107","2,258","2,161","2,011","2,350","2,604","2,765","2,670","2,835","2,807","1,800","1,505","1,089",835,548
4 ,309,227,196,236,358,815,"1,236","1,637","1,771","2,208","2,199","2,176","2,127","2,416","2,681","2,804","2,685","2,857","2,751","1,766","1,380","1,036",763,486
3 ,228,218,179,218,331,712,"1,072","1,586","1,744","2,118","2,218","2,139","2,120","2,339","2,692","2,578","2,622","2,568","2,611","1,563","1,319","1,078",707,451
2 ,322,208,179,251,471,922,"1,565","1,975","1,913","2,035","2,123","1,983","1,947","2,094","2,293","2,320","2,198","2,247","2,282","1,453","1,022",839,603,417
1 ,380,260,189,139,227,395,577,687,960,"1,265","1,563","1,777","1,950","2,346","2,824","2,688","2,791","2,704","2,665","2,596","2,249","2,065","1,221",638
7 ,390,265,232,322,424,706,"1,026","1,203","1,547","1,930","1,909","2,007","1,913","2,222","2,499","2,538","2,695","2,842","2,369","1,884","1,645","1,412","1,034",615
6 ,307,217,199,221,445,818,"1,227","1,554","1,675","2,097","2,246","2,194","2,224","2,434","2,928","3,295","3,232","3,151","3,354","2,543","1,981","1,529","1,010",672
5 ,318,252,199,241,385,851,"1,306","1,618","1,759","2,113","2,253","2,105","2,081","2,356","2,763","2,837","2,590","2,745","2,632","1,940","1,470","1,049",810,512
4 ,312,220,209,272,425,824,"1,313","1,629","1,788","2,056","2,092","2,144","2,170","2,389","2,582","2,722","2,759","2,770","2,724","1,768","1,396","1,011",768,535
3 ,252,206,171,203,375,776,"1,110","1,556","1,750","2,008","2,235","2,147","2,115","2,196","2,555","2,500","2,541","2,438","2,543","1,710","1,383","1,130",733,461
2 ,232,171,181,191,370,746,"1,257","1,861","1,719","1,829","2,051","2,085","1,959","1,884","2,232","2,136","2,211","2,259","2,182","1,413","1,069",820,587,365
7 ,442,301,236,271,404,698,976,"1,258","1,504","1,854","1,991","1,943","1,899","1,919","2,394","2,598","2,595","2,691","2,459","1,646","1,245","1,165",838,564
6 ,292,229,161,246,417,788,"1,237","1,645","1,769","1,877","2,341","2,136","2,222","2,417","2,880","3,007","2,934","3,126","3,322","2,593","2,066","1,661","1,165",776
5 ,280,254,227,256,394,805,"1,212","1,735","1,875","2,131","2,258","2,305","2,216","2,440","2,807","2,982","3,016","2,739","2,811","1,910","1,472","1,137",802,530
4 ,290,185,198,183,404,794,"1,123","1,501","1,806","2,055","2,168","2,214","2,112","2,301","2,597","2,428","1,963","2,821","2,740","1,978","1,467","1,175",859,59
3 ,338,222,203,225,393,690,"1,145","1,550","1,680","1,947","2,094","1,959","1,897","2,014","2,263","2,253","2,352","2,236","2,344","1,523","1,092",895,633,33
2 ,332,186,188,232,476,"1,072","1,622","2,051","1,918","2,148","2,262","2,341","2,308","1,885","2,829","2,742","2,298","2,863","2,760","2,061","1,601","1,146",816,56
1 ,331,189,190,181,199,353,555,691,925,"1,268","1,578","1,733","1,853","2,359","2,524","2,841","2,700","2,702","2,544","2,494","2,012","1,860","1,240",82
7 ,446,294,259,262,447,803,"1,149","1,292","1,650","1,847","1,957","1,905","1,880","2,101","2,479","2,623","2,763","3,020","2,425","1,817","1,648","1,479","1,052",69
6 ,472,266,232,257,404,921,"1,272","1,568","1,831","2,136","2,416","2,393","2,531","2,584","2,998","3,180","3,024","3,254","3,117","2,490","2,104","1,752","1,169",66
5 ,413,230,212,244,394,867,"1,226","1,675","1,841","2,262","2,335","2,153","2,219","2,239","2,699","2,695","2,883","2,925","2,918","2,009","1,630","1,324","1,138",75
4 ,410,256,206,249,418,832,"1,294","1,613","1,890","2,160","2,189","2,274","2,186","2,381","2,621","2,383","2,571","2,606","2,880","2,058","1,604","1,231",874,60
3 ,459,283,182,249,396,867,"1,250","1,702","1,988","2,118","2,298","2,112","2,148","2,324","2,767","2,942","2,889","2,888","2,714","1,955","1,573","1,295",884,68
2 ,322,214,185,247,503,"1,060","1,669","1,971","1,992","2,148","2,246","2,204","2,015","2,290","2,496","2,685","2,600","2,978","2,668","2,043","1,491","1,004",692,37
1 ,402,247,186,182,254,383,559,654,"1,039","1,356","1,654","1,795","1,924","2,214","2,830","2,809","2,629","2,722","2,687","2,650","2,142","1,650","1,172",59
7 ,452,310,249,251,433,792,"1,005","1,335","1,655","1,761","1,871","1,934","2,004","2,192","2,425","2,710","2,957","2,759","2,407","1,798","1,607","1,313","1,000",81
6 ,303,227,188,244,374,907,"1,272","1,640","1,825","2,119","2,372","2,304","2,442","2,598","2,853","3,116","3,203","3,152","3,056","2,500","2,009","1,601","1,022",86
5 ,278,182,172,245,424,868,"1,415","1,800","1,832","2,158","2,317","2,162","2,143","2,512","2,745","2,856","2,695","2,707","2,737","2,124","1,559","1,200",897,62
4 ,392,258,244,265,378,711,918,"1,084","1,299","1,590","1,793","1,737","1,660","1,864","2,163","2,329","2,165","2,096","1,923","1,556","1,388","1,100",751,42
3 ,-,-,-,-,-,-,-,-,-,-,757,"2,339","2,253","2,432","2,866","2,761","2,735","2,997","3,263","2,361","1,879","1,434",951,67
2 ,282,219,165,253,482,"1,157","1,715","1,961","1,975","2,027","2,306","2,256","2,039","2,291","2,536","2,726","2,501","1,058",15,-,-,-,-,50
1 ,350,221,140,143,227,316,520,670,894,"1,263","1,551","1,683","1,741","2,015","2,451","2,725","2,723","2,717","2,688","2,207","2,277","1,497","1,067",71
7 ,438,298,206,314,425,776,"1,054","1,237","1,630","1,764","2,021","1,995","1,787","2,069","2,454","2,512","2,687","2,987","2,425","1,760","1,444","1,200",892,42
6 ,372,246,201,245,433,820,"1,224","1,642","1,848","2,063","2,361","2,239","2,315","2,536","2,910","2,972","2,775","3,144","3,048","2,374","1,973","1,577","1,044",59
5 ,318,213,167,222,369,812,"1,420","1,784","1,976","2,194","2,276","2,286","2,290","2,436","2,677","2,684","2,685","2,864","2,804","2,167","1,697","1,328",932,54
4 ,430,292,238,261,396,728,941,"1,041","1,267","1,605","1,761","1,803","1,688","1,798","2,150","2,406","2,711","2,438","2,077","1,690","1,667","1,308",950,60
3 ,318,224,190,262,403,801,"1,206","1,616","1,805","2,102","2,351","2,367","2,305","2,489","2,908","2,740","2,769","3,125","3,194","2,631","1,964","1,502","1,087",80
2 ,318,194,177,254,476,"1,037","1,626","1,980","1,955","2,040","2,149","2,212","2,270","2,425","2,492","2,526","2,625","2,704","2,654","1,858","1,458","1,046",796,51
1 ,364,247,151,160,252,436,582,701,926,"1,322","1,579","1,650","1,899","2,048","2,715","2,868","2,625","2,667","2,653","2,597","2,010","1,881","1,253",60
7 ,415,299,266,266,368,761,"1,101","1,310","1,699","1,821","1,985","1,813","1,901","2,133","2,406","2,621","2,588","2,838","2,437","1,794","1,684","1,322","1,018",65
6 ,332,229,241,262,412,794,"1,252","1,628","1,837","2,069","2,374","2,257","2,198","2,432","2,813","3,020","2,941","2,778","3,049","2,430","2,206","1,543","1,170",73
5 ,320,245,192,235,408,808,"1,313","1,653","1,705","2,051","2,049","2,280","2,066","2,258","2,619","2,575","2,604","2,780","2,828","1,961","1,526","1,249",944,51
4 ,287,224,202,223,392,729,"1,175","1,559","1,852","2,162","2,199","2,168","2,159","2,308","2,705","2,628","2,589","2,701","2,691","1,990","1,541","1,181",903,63
3 ,329,214,183,196,433,768,"1,235","1,571","1,894","2,209","2,269","2,322","2,316","2,505","2,857","2,705","2,638","2,833","2,815","1,942","1,530","1,197",928,56
2 ,301,219,179,254,419,"1,018","1,619","1,935","1,850","2,075","2,077","2,231","2,088","2,271","2,500","1,985","1,896","2,111","2,246","1,944","2,008","1,149",812,44
1 ,358,244,162,134,201,373,605,690,966,"1,292","1,538","1,690","1,804","1,883","2,537","2,843","2,636","2,786","2,676","2,636","2,323","1,663","1,188",80
7 ,455,331,264,269,456,748,"1,118","1,278","1,584","1,927","1,714","1,785","1,766","2,221","2,453","2,955","2,805","2,895","2,624","1,894","1,679","1,428","1,018",74
6 ,341,239,191,275,390,805,"1,248","1,603","1,815","2,161","2,288","2,274","2,256","2,530","2,870","2,759","3,045","2,592","3,205","2,533","2,143","1,651","1,172",55
5 ,309,230,203,230,413,772,"1,291","1,618","1,818","2,364","2,325","2,300","2,219","2,416","2,798","2,906","2,881","2,935","2,681","2,113","1,743","1,203",935,63
4 ,241,191,143,223,371,801,"1,399","1,869","1,826","2,093","2,257","2,245","2,249","2,432","2,413","2,875","2,693","2,696","2,791","2,019","1,561","1,093",821,497
3 ,405,253,208,235,401,626,858,983,"1,165","1,454","1,515","1,644","1,844","2,099","2,573","2,799","2,562","2,495","2,428","2,060","2,184","1,484",890,498
2 ,280,202,182,219,437,945,"1,495","1,712","1,834","1,977","2,225","2,179","2,195","2,329","2,657","2,816","2,781","3,123","3,052","2,445","2,011","1,480","1,045",563
1 ,355,223,178,180,258,442,640,705,"1,070","1,320","1,548","1,697","1,678","2,105","2,514","2,885","2,813","2,610","2,572","2,497","2,271","2,038","1,239",639
7 ,433,298,235,264,456,781,"1,123","1,335","1,506","1,903","1,979","1,778","1,861","1,914","2,568","2,560","2,554","2,930","2,519","2,006","1,710","1,367",994,661
6 ,309,26,-,-,-,-,-,-,-,"2,041","2,257","2,307","2,428","2,461","2,824","2,710","2,862","3,142","3,288","2,271","1,765","1,460","1,039",663
5 ,284,204,174,218,340,619,"1,005","1,489","1,683","1,927","2,073","2,108","2,036","2,202","2,556","2,547","2,438","2,493","2,351","1,640","1,317",917,700,35
4 ,46,-,-,-,-,529,"1,098","1,551","1,782","2,056","2,226","2,181","2,097","2,303","2,426","2,419","2,477","2,861","2,515","1,493","1,184",991,712,61
2 ,317,214,170,234,447,991,"1,607","1,970","1,657","1,705","2,292","2,120","2,248","2,255","2,597","2,615","2,623","2,618","2,690","1,895","1,566","1,135",759,49
1 ,262,165,145,126,175,335,481,644,926,"1,175","1,444","1,519","1,490","1,803","2,376","2,540","2,546","2,778","2,111","2,188","1,879","1,473",969,63
7 ,415,307,226,330,428,621,904,"1,164","1,553","1,829","1,922","2,024","2,025","2,178","2,209","2,186","2,686","2,469","1,899","1,347","1,172",915,642,39
6 ,314,225,176,243,413,740,"1,208","1,584","1,816","2,086","2,297","2,323","2,218","2,407","2,920","2,789","2,900","3,171","3,187","2,493","2,148","1,729","1,146",72
5 ,330,3,119,244,353,753,"1,159","1,604","1,737","2,155","2,356","2,193","2,121","2,398","2,887","2,939","2,915","2,927","2,548","1,959","1,572","1,224",839,60
4 ,335,244,160,249,374,711,"1,244","1,708","1,953","2,144","2,336","2,218","2,141","2,379","2,741","2,867","2,795","2,849","2,817","1,881","1,565","1,196",150,222
3 ,400,224,168,239,394,868,"1,551","1,914","1,876","2,143","2,291","2,236","2,034","2,303","2,809","2,752","2,781","2,854","2,645","1,951","1,543","1,104",887,86
2 ,600,253,168,215,350,698,"1,028","1,117","1,311","1,624","2,154","2,599","2,394","2,940","2,923","3,073","2,913","3,041","2,749","2,578","2,612","2,491","1,761",93
1 ,385,296,150,143,213,261,483,651,938,"1,465","1,794","1,859","2,214","2,585","2,779","2,431","2,752","2,690","2,762","2,518","2,653","2,417","2,008",160
7 ,432,359,232,257,383,867,"1,130","1,221","1,556","1,784","1,820","1,707","1,447","1,377","1,885","2,169","2,326","2,873","2,648","1,929","1,804","1,607","1,299",97
6 ,315,234,194,218,418,760,"1,228","1,586","1,927","2,316","2,336","2,283","2,236","2,604","2,856","2,463","3,345","3,178","3,282","2,748","2,326","1,823","1,152",59
5 ,287,185,168,233,361,798,"1,281","1,613","1,798","2,183","2,475","2,232","2,218","2,420","2,851","2,815","2,864","2,799","2,722","1,861","1,459","1,099",813,45
4 ,284,183,155,209,368,780,"1,340","1,707","1,749","1,986","2,164","2,123","2,052","2,249","2,557","2,559","2,600","2,495","2,371","1,844","1,214",946,743,54
3 ,358,223,195,216,340,518,804,"1,071","1,388","1,665","1,780","1,696","1,666","1,940","2,264","2,400","2,292","2,281","2,151","1,784","1,507","1,177",798,49
2 ,310,215,162,229,385,903,"1,484","1,893","1,926","2,177","2,301","2,234","2,176","2,362","2,727","2,703","2,896","3,065","3,121","2,556","1,821","1,352",914,52
1 ,351,219,172,162,217,391,609,770,"1,101","1,438","1,657","1,673","1,862","2,034","2,487","2,926","2,878","2,730","2,657","2,635","2,735","1,858","1,164",63
7 ,396,279,228,275,375,739,"1,059","1,368","1,711","1,988","2,051","2,037","2,065","2,280","2,642","3,082","2,918","3,151","2,807","2,084","1,734","1,339",949,69
6 ,286,246,173,223,431,783,"1,210","1,550","1,811","2,174","2,161","2,255","2,335","2,548","2,842","3,069","3,010","3,156","3,054","2,396","1,874","1,585","1,040",57
5 ,305,218,191,226,366,757,"1,249","1,611","1,880","2,224","2,345","2,250","2,196","2,379","2,756","2,546","2,425","2,779","2,587","1,980","1,581","1,183",814,76
4 ,261,211,162,198,436,786,"1,228","1,661","1,833","2,131","2,257","2,152","2,140","2,525","2,787","2,984","2,766","2,808","2,780","1,985","1,583","1,199",845,58
3 ,219,176,156,201,373,714,"1,107","1,595","1,788","2,147","2,326","2,232","2,196","2,284","2,640","2,780","2,558","2,623","2,593","1,906","1,514","1,146",745,47
2 ,269,155,144,197,384,790,"1,350","1,793","1,696","1,913","2,095","1,952","1,890","2,108","2,299","2,287","2,077","2,199","2,222","1,546","1,091",859,581,38
1 ,326,220,174,150,196,315,538,701,981,"1,288","1,749","1,917","1,880","2,169","2,774","2,942","2,624","2,505","2,455","2,350","2,048","1,455",894,87
7 ,386,297,234,270,369,729,"1,064","1,274","1,656","1,934","1,986","1,896","2,006","2,060","2,354","2,752","3,026","3,063","2,788","2,213","1,938","1,345","1,001",67
6 ,307,239,219,235,419,697,"1,178","1,664","1,775","2,197","2,291","2,234","2,247","2,559","2,584","2,378","2,674","2,945","3,210","2,311","1,886","1,434","1,064",63
5 ,344,201,202,228,382,771,"1,235","1,657","1,805","2,160","2,277","2,241","2,013","2,324","2,702","2,695","2,660","2,787","2,685","1,935","1,503","1,119",787,69
4 ,204,124,179,191,340,724,"1,186","1,597","1,915","2,184","2,275","2,214","2,140","2,276","2,711","2,771","2,742","2,886","2,783","2,130","1,552","1,149",825,81
3 ,258,191,156,224,392,685,"1,231","1,568","1,835","2,200","2,279","2,127","2,083","2,387","2,694","2,765","2,781","2,749","2,742","1,919","1,575","1,132",744,42
2 ,322,201,137,222,456,902,"1,645","2,056","1,887","1,973","2,298","2,207","2,097","2,230","2,483","2,539","2,468","2,503","2,583","1,791","1,506","1,090",658,49
1 ,234,199,141,171,233,359,583,708,984,"1,334","1,527","1,617","1,681","2,180","2,723","2,950","2,733","2,850","2,852","2,631","2,131","2,045","1,283",61
7 ,385,289,253,256,360,567,778,"1,166","1,592","1,776","1,951","1,956","1,925","2,025","2,105","2,380","2,523","2,649","2,007","1,411","1,227","1,021",712,67
6 ,301,267,184,229,399,735,"1,153","1,568","1,722","2,026","2,354","2,270","2,222","2,601","2,845","3,095","2,795","3,217","3,333","2,300","1,893","1,401","1,076",90
5 ,350,176,191,233,382,727,"1,185","1,601","1,815","2,197","2,301","2,132","2,075","2,417","2,654","2,333","2,979","2,751","2,711","2,109","1,602","1,173",777,66
4 ,311,206,164,188,365,669,"1,092","1,605","1,783","2,112","2,202","2,154","2,097","2,348","2,838","2,819","2,787","2,843","2,767","1,957","1,620","1,048",719,51
2 ,249,176,152,232,392,916,"1,485","1,909","1,849","1,994","2,292","2,169","2,087","2,185","2,476","2,355","2,668","2,558","2,584","1,883","1,404","1,034",708,441
4 ,293,179,174,188,340,613,"1,117","1,651","1,792","2,047","2,188","2,205","1,949","2,098","2,410","2,542","2,425","2,415","2,374","1,533","1,086",889,640,377
3 ,236,166,170,196,353,668,"1,098","1,516","1,790","2,009","2,319","2,146","2,039","2,345","2,634","2,783","2,830","2,719","2,629","1,811","1,365","1,049",649,455
2 ,313,204,137,206,383,729,"1,337","1,737","1,711","1,975","2,145","2,165","2,146","2,188","2,376","2,381","2,318","2,313","2,384","1,692","1,257",951,665,421
1 ,327,214,142,165,241,315,447,656,834,"1,229","1,497","1,540","1,598","1,958","2,280","2,549","2,636","2,782","2,771","2,565","1,818","1,264",841,486
7 ,405,285,221,254,335,609,891,"1,176","1,590","1,903","1,965","1,790","1,824","2,158","2,193","2,455","2,789","2,949","2,531","1,767","1,601","1,178",777,536
6 ,282,181,98,112,200,398,698,"1,215","1,261","1,509","1,543","1,740","2,153","2,407","2,811","2,705","2,882","2,937","3,107","2,356","2,044","1,362",962,593
5 ,284,205,195,212,301,552,892,"1,438","1,653","1,982","2,206","2,067","1,953","2,098","2,348","2,331","2,532","2,385","2,262","1,599","1,281",995,650,381
4 ,264,205,175,231,396,650,"1,057","1,586","1,786","2,081","2,305","2,214","2,123","2,317","2,667","2,789","2,723","2,749","2,828","2,145","1,415","1,027",799,464
3 ,290,184,174,241,353,713,"1,001","1,543","1,887","2,230","2,235","2,197","2,189","2,340","2,499","2,648","2,586","2,653","2,509","1,874","1,468",958,712,499
1 ,317,216,124,122,169,284,427,521,795,"1,166","1,465","1,471","1,567","1,854","2,193","2,280","2,616","2,634","2,387","2,017","1,606","1,242",983,534
7 ,341,274,218,257,363,554,794,"1,124","1,505","1,737","1,952","1,941","1,797","2,097","2,384","2,377","2,748","2,639","2,557","1,845","1,394","1,053",847,461
6 ,292,218,176,226,364,605,978,"1,531","1,774","2,034","2,281","2,273","2,208","2,390","2,676","2,946","2,715","2,761","2,691","2,342","1,764","1,312",975,512
5 ,213,120,76,126,274,368,495,901,925,"1,090","1,380","1,379","1,519","2,019","2,259","2,023","2,374","2,329","2,446","1,680","1,227",912,646,425
4 ,294,208,170,271,361,638,"1,068","1,553","1,702","2,018","2,248","2,136","2,183","2,237","2,587","2,496","2,640","2,759","2,683","1,780","1,247",929,630,268
3 ,253,201,161,229,354,652,"1,064","1,527","1,736","2,074","2,262","2,112","2,099","2,179","2,256","2,363","2,556","2,667","2,606","1,770","1,363","1,043",669,447
2 ,134,142,121,181,379,695,790,"1,602","1,405","1,218","1,465","1,411","1,168","1,209","1,327","1,273","1,277","1,776","2,344","1,665","1,211","1,009",704,427
1 ,319,202,129,162,198,290,422,502,432,500,730,777,855,882,"1,045","1,318","1,525","1,785","1,385","1,067",768,496,380,233
7 ,374,247,209,258,317,532,763,"1,153","1,353","1,751","1,885","1,915","1,776","1,949","2,332","2,511","2,607","2,915","2,577","2,121","1,404","1,094",806,543
6 ,226,175,93,165,282,606,"1,018","1,569","1,622","1,819","1,359","1,576","1,304","1,278","1,529","1,516","1,871","2,583","2,925","2,357","1,775","1,284",829,552
5 ,136,99,90,120,172,258,364,530,578,845,"1,008","1,069",965,"1,030","1,171","1,285","1,646","1,822","1,536","1,120",750,510,376,360
4 ,224,193,184,217,324,545,936,"1,425","1,556","1,556","1,402","1,536","1,425","1,464","1,657","1,434","1,864","1,484","1,453","1,260",738,473,350,193
3 ,275,146,202,237,340,583,"1,001","1,484","1,752","1,939","1,339","1,365","1,365","1,525","1,833","2,016","1,894","2,496","2,065","1,571","1,204",788,366,216
2 ,237,201,172,189,372,783,"1,276","1,875","1,773","1,446","1,423","1,316","1,157","1,283","1,489","1,511","1,469","1,355","1,248",827,543,638,425,277
1 ,112,85,61,48,78,116,215,250,377,488,618,747,721,861,"1,037","1,093","1,258","1,435","1,172",968,995,813,524,300
7 ,178,119,105,126,166,252,359,549,695,911,"1,177","1,158","1,116","1,050","1,178","1,238","1,452","1,408","1,274",827,572,404,260,186
6 ,273,219,165,207,322,577,790,910,"1,001","1,159","1,306","1,268","1,308","1,299","1,485","1,517","1,598","1,524","1,541","1,134",837,531,315,234
5 ,263,223,145,218,353,617,949,"1,513","1,818","2,060","2,200","2,236","2,173","2,315","2,613","2,580","2,362","2,515","2,429","1,665","1,260",960,716,478
4 ,271,180,138,215,351,592,965,"1,415","1,716","1,992","2,072","2,112","2,000","1,308","2,252","2,534","2,644","2,654","2,472","1,685","1,321",979,690,387
3 ,252,178,151,231,353,610,"1,006","1,481","1,698","2,030","2,044","1,478","1,218","1,244","1,446","1,514","1,933","2,395","2,287","1,612","1,237",948,682,431
2 ,376,188,157,193,353,628,"1,096","1,596","1,658","1,765","1,965","1,934","1,760","1,874","2,178","2,230","2,381","2,291","2,214","1,445","1,106",875,661,430
1 ,"1,442","1,013",605,194,238,214,304,490,762,982,"1,406","1,746","2,109","2,558","2,426","2,463","2,389","2,295","2,506","1,907","1,604","1,293",891,"1,119"
7 ,"1,002","1,227",293,188,160,281,454,633,998,"1,827","2,382","2,317","2,551","2,723","2,716","2,848","2,778","2,765","2,576","2,502","2,306","2,106","1,868","1,602"
6 ,181,142,100,131,158,326,785,"1,166","1,015","1,228","2,323","3,186","3,094","3,053","1,915","1,935","2,195","2,475","2,195","2,432","2,348","1,827","1,635","1,227"
5 ,365,317,279,308,392,421,548,"1,085","1,070","1,431","1,524",881,943,769,978,"1,151","1,451","1,197",960,810,686,547,407,286
4 ,171,129,138,165,160,258,462,736,871,"1,024","1,189","1,165","1,055","1,105","1,205","1,135","1,211","1,085",920,967,917,845,438,361
3 ,141,120,102,159,167,287,492,801,949,"1,194","1,391","1,417","1,289","1,437","1,623","1,801","1,545","1,689","1,311",993,755,469,396,215
2 ,125,99,84,139,157,317,640,"1,118",968,"1,025","1,277","1,262","1,176","1,364","1,447","1,537","1,359","1,373","1,129",722,525,384,280,189
1 ,287,169,143,144,181,295,320,454,668,970,"1,230","1,392","1,338","1,460","1,752","1,894","1,946","1,678","1,437","1,212","1,051",591,453,237
7 ,339,254,233,270,331,574,718,"1,048","1,377","1,801","1,906","2,028","1,822","1,867","2,019","2,286","2,469","2,742","2,166","1,420","1,016",872,677,381
6 ,62,-,-,-,-,-,-,-,"1,721","2,055","2,430","2,341","2,173","2,424","2,873","2,707","2,800","3,072","3,030","1,916","1,604","1,247",851,544
5 ,270,200,174,213,370,618,919,"1,453","1,760","2,066","2,353","2,145","2,101","2,224","2,429","2,666","2,811","2,537","2,495","1,702","1,271",981,723,455
4 ,247,197,146,206,339,607,868,"1,361","1,652","1,761","1,841","2,308","2,173","2,161","2,564","2,614","2,783","2,520","2,436","1,560","1,227",907,667,449
3 ,263,184,167,199,306,587,847,"1,392","1,666","1,866","2,136","2,217","2,104","2,179","2,556","2,427","2,261","2,551","2,336","1,655","1,303",964,681,406
2 ,223,170,141,214,331,721,"1,217","1,726","1,661","1,873","2,013","2,138","2,082","2,135","2,268","2,457","2,340","2,390","2,329","1,477","1,129",884,662,369
1 ,266,191,123,140,201,265,273,476,657,918,"1,220","1,294","1,362","1,599","1,754","2,009","2,170","2,073","1,496","1,329","1,165",927,689,471
7 ,313,273,235,240,237,363,674,"1,001","1,283","1,620","1,915","1,923","1,783","1,889","2,050","2,445","2,505","2,591","1,913","1,398","1,057",857,667,414
6 ,281,214,179,225,312,604,933,"1,382","1,660","1,981","2,260","2,122","2,055","2,153","2,405","2,561","2,737","3,050","2,918","2,089","1,595","1,175",911,537
5 ,253,186,190,219,327,571,930,"1,440","1,675","1,966","2,164","2,126","2,018","1,967","2,321","2,302","2,303","2,302","2,463","1,607","1,178",974,681,426
4 ,236,179,154,16,304,597,898,"1,367","1,557","1,768","1,972","1,877","1,807","1,933","2,256","2,320","2,313","2,625","2,430","1,552","1,159",861,643,366
3 ,252,177,161,201,346,515,879,"1,359","1,625","1,909","2,196","2,228","1,996","2,245","2,478","2,339","2,430","2,444","2,380","1,526","1,129",824,610,412
2 ,234,172,158,215,318,750,"1,184","1,759","1,670","1,782","2,090","2,024","1,969","2,048","2,257","2,439","2,622","2,425","2,285","1,505","1,146",858,598,377
1 ,288,175,163,130,152,227,306,423,675,919,"1,203","1,366","1,231","1,135","1,266","1,511","2,223","2,249","1,834","1,370","1,126","1,058",742,390
7 ,298,243,200,216,250,443,671,868,"1,182","1,562","1,706","1,723","1,867","1,801","2,044","2,195","2,302","2,354","1,898","1,302",971,865,629,451
6 ,241,198,171,178,330,517,792,"1,264","1,537","1,816","2,238","2,169","2,067","1,833","1,684","2,398","2,470","2,758","2,757","2,002","1,561","1,193",775,475
5 ,224,185,148,186,307,518,797,"1,288","1,583","1,849","1,931","2,263","1,591","1,199","1,415","1,623","2,468","2,424","2,266","1,468","1,151",869,606,380
4 ,140,163,136,144,303,473,769,"1,237","1,607","1,883","2,087","1,668","1,089","1,167","1,070","1,448","1,252","1,927","2,401","1,540","1,050",836,544,396
3 ,117,79,89,115,154,260,470,771,"1,171","1,185","1,195","1,277","1,124","1,196","1,293","1,341","1,323","1,240","1,061",704,457,348,289,152
1 ,280,145,70,103,159,183,232,282,334,400,609,734,711,875,921,"1,178","2,170","2,427","2,094","1,884","1,305","1,099",764,417
7 ,147,111,111,131,157,265,410,565,769,829,"1,042","1,272","1,019","1,044","1,212","1,250","1,331","1,399","1,169",750,487,348,282,35
6 ,147,94,91,134,176,326,492,812,986,"1,192","1,391","1,326","1,142","1,259","1,588","1,200","1,712","1,638","1,522","1,230",757,507,381,204
5 ,139,103,87,133,162,290,507,804,953,"1,199","1,258","1,311","1,132","1,221","1,323","1,379","1,395","1,403","1,187",792,497,377,257,158
4 ,100,87,92,123,154,270,498,767,996,"1,198","1,337","1,242","1,068","1,221","1,304","1,382","1,456","1,292","1,222",697,463,392,232,178
3 ,121,88,78,127,182,283,492,822,990,"1,185","1,316","1,227","1,089","1,201","1,325","1,457","1,397","1,202","1,083",684,467,376,274,198
2 ,140,120,95,114,171,393,741,"1,132","1,022","1,131","1,207","1,305","1,150","1,213","1,336","1,453","1,408","1,249","1,134",737,487,380,260,196
1 ,98,86,58,67,59,99,150,182,273,421,577,663,698,786,920,"1,159","1,333","1,223","1,021",688,624,451,344,198
7 ,124,106,92,114,130,242,361,456,593,785,960,995,871,881,"1,016","1,132","1,153","1,183",855,548,382,304,218,167
6 ,120,70,92,112,183,382,635,"1,287","1,514","1,459","1,245","1,295","1,211","1,185","1,389","1,466","1,533","1,483","1,616","1,018",739,484,305,204
5 ,107,89,82,133,175,267,431,700,788,"1,111","1,210","1,221","1,058","1,214","1,254","1,420","1,423","1,292","1,131",638,431,332,260,17
4 ,103,61,101,112,158,254,404,662,791,936,"1,082","1,268","1,107","1,171","1,323","1,364","1,422","1,327","1,168",699,436,316,254,150
3 ,112,63,75,103,174,238,448,768,840,"1,003","1,206","1,214","1,093","1,164","1,318","1,345","1,300","1,176","1,001",659,459,308,218,152
2 ,248,178,144,210,373,712,"1,230","1,643","1,721","1,767","1,925","1,989","1,700","1,927","2,293","2,474","2,377","2,183","1,959","1,132",439,343,217,106
1 ,246,146,138,125,179,241,309,420,668,943,"1,281","1,439","1,446","1,613","1,699","2,203","2,214","2,169","1,619","1,308","1,133",970,762,437
7 ,164,117,112,129,160,233,410,552,"1,031","1,516","1,306","1,004",975,"1,089","1,116","1,275","1,890","2,587","1,861","1,344","1,026",858,584,378
6 ,140,122,92,122,166,314,518,791,957,"1,679","1,586","1,479","1,262","1,252","1,644","1,918","1,966","2,579","2,390","2,023","1,566","1,230",636,219
5 ,118,97,92,126,188,320,518,805,987,"1,254","1,389","1,301","1,155","1,233","1,440","1,474","1,456","1,408","1,731","1,170",888,749,610,161
4 ,129,102,99,144,184,316,539,804,891,"1,136","1,214","1,259","1,132","1,185","1,295","1,315","1,262","1,277","1,093",664,491,367,243,174
3 ,147,107,74,93,215,372,644,991,938,957,"1,067","1,174",979,"1,162","1,303","1,201","1,169","1,116",993,653,520,333,267,157
2 ,126,128,113,94,137,218,206,178,262,399,714,"1,015","1,269","1,380","1,481","1,411","1,368","1,344","1,376","1,308","1,305",981,535,246
1 ,127,69,71,44,69,127,150,191,279,479,695,924,738,805,967,"1,178","1,323","1,171",893,491,414,368,247,131
7 ,253,201,162,129,159,229,359,453,588,784,895,"1,067",972,975,"1,138","1,410","1,347","1,397","1,072",641,445,336,242,164
6 ,336,260,220,217,313,629,935,"1,258","1,587","1,903","2,232","2,288","2,203","1,944","2,393","2,759","2,892","2,708","2,571","1,868","1,412","1,146",842,582
5 ,296,239,185,153,255,609,"1,017","1,389","1,689","2,016","2,314","2,201","2,086","2,185","2,434","2,673","2,702","2,553","2,192","1,428","1,171",958,772,480
4 ,296,192,176,210,350,555,931,"1,433","1,657","2,014","1,432","1,486","1,308","1,394","1,781","2,136","2,609","2,644","2,140","1,403","1,215",899,707,486
3 ,267,161,173,209,347,678,"1,242","1,732","1,633","1,848","2,043","2,000","1,607","1,723","1,971","2,330","2,626","2,567","2,037","1,364",914,976,599,405
2 ,260,176,157,150,199,329,476,442,350,483,636,798,"1,120","1,761","2,035","2,491","1,960","1,889","2,185","1,962","1,397","1,047",752,425
1 ,262,178,132,150,135,210,327,454,718,978,"1,365","1,600","1,554","1,620","1,842","2,350","2,026","2,071","1,625","1,096",874,724,565,387
7 ,399,271,208,249,360,482,842,"1,078","1,338","1,690","2,038","2,206","1,852","1,865","2,103","2,582","2,794","2,622","2,235","1,473","1,160",982,699,432
6 ,297,223,196,220,341,675,939,"1,486","1,740","1,981","2,373","2,329","2,197","2,393","2,784","2,996","3,073","3,039","2,755","1,931","1,601","1,114",789,538
5 ,231,165,148,199,318,539,877,"1,253","1,458","1,860","2,146","2,079","2,053","2,139","2,010","2,668","2,593","2,571","2,293","1,561","1,224",941,677,483
4 ,291,192,193,176,300,578,822,"1,412","1,749","1,948","2,257","2,114","2,215","2,288","2,564","2,605","2,484","2,187","2,078","1,300","1,072",821,568,350
3 ,268,176,173,192,333,558,986,"1,463","1,614","1,963","2,183","2,267","2,091","2,254","2,587","2,585","2,434","2,585","2,278","1,568","1,195",921,662,487
2 ,227,205,177,177,375,779,"1,247","1,751","1,727","1,811","2,004","1,958","1,750","2,145","2,252","2,329","2,368","2,339","2,232","1,430","1,125",843,549,408
1 ,314,173,149,142,192,257,387,547,759,"1,078","1,525","1,639","1,806","1,785","1,974","2,580","2,692","2,459","2,160","1,665","1,244","1,008",749,466
7 ,365,267,228,252,308,505,811,"1,044","1,343","1,722","2,292","2,149","2,045","2,086","2,390","2,642","2,887","2,792","2,184","1,356",995,990,761,451
6 ,287,202,196,202,337,617,961,"1,383","1,586","2,211","2,390","2,313","2,216","2,402","2,763","2,816","3,011","2,976","2,759","1,944","1,634","1,308",833,546
5 ,-,-,-,-,-,203,"1,019","1,479","1,731","2,103","2,270","2,280","2,174","2,287","2,605","2,717","2,716","2,574","2,150","1,551","1,218",950,660,430
3 ,240,191,178,194,332,599,924,"1,373","1,727","2,010","2,095","2,142","2,043","2,129","2,269","2,439","2,571","2,538","2,283","1,475","1,221",554,-,-
2 ,247,177,131,181,366,777,"1,292","1,765","1,670","1,966","2,089","2,050","1,979","2,057","2,366","2,201","2,316","2,426","2,267","1,513","1,191",889,656,369
1 ,314,192,147,134,174,224,307,510,747,"1,011","1,422","1,776","1,802","2,081","2,392","2,423","2,543","2,401","1,920","1,626","1,267",837,708,379
7 ,358,286,217,217,348,591,799,"1,106","1,438","1,799","2,005","2,004","2,016","2,086","2,365","2,659","2,806","2,877","2,318","1,496","1,122",937,755,518
6 ,293,203,195,202,369,606,933,"1,449","1,650","1,965","2,280","2,277","2,243","2,497","2,792","2,796","2,974","3,131","2,812","1,899","1,478","1,219",935,561
5 ,274,189,166,195,314,574,954,"1,398","1,638","1,986","2,175","2,214","1,979","2,210","2,538","2,573","2,979","2,856","2,797","1,581","1,164",951,719,447
4 ,241,196,179,220,269,505,853,"1,370","1,623","1,870","2,178","2,034","1,886","2,128","2,441","2,683","2,648","2,517","2,377","1,583","1,118",907,656,419
3 ,289,175,169,200,337,610,"1,094","1,448","1,699","2,131","2,071","2,049","2,046","2,321","2,517","2,613","2,664","2,553","2,362","1,552","1,192",958,662,435
2 ,313,153,142,186,432,861,"1,411","1,874","1,919","1,914","2,085","2,193","2,001","2,189","2,496","2,490","2,599","2,626","2,401","1,568","1,147",877,684,454
1 ,302,222,143,143,242,301,433,582,831,"1,178","1,521","1,757","1,737","2,235","2,852","2,943","2,766","2,551","2,409","2,479","2,075","1,260",970,611
7 ,361,279,238,236,354,600,925,"1,112","1,492","1,937","2,036","1,884","2,016","2,208","2,287","2,506","2,748","3,020","2,217","1,634","1,155","1,079",852,536
6 ,309,214,169,247,356,677,"1,063","1,489","1,730","1,995","2,225","2,285","2,273","2,399","2,662","3,013","2,949","3,142","2,996","2,087","1,638","1,247",922,606
5 ,300,252,200,225,367,652,"1,025","1,527","1,793","2,046","2,267","2,253","2,115","2,247","2,301","2,738","2,652","2,745","2,489","1,666","1,297",996,704,412
4 ,338,224,192,218,357,687,"1,042","1,506","1,755","2,124","2,276","2,105","2,064","2,361","2,598","2,794","2,712","2,675","2,563","1,817","1,213",928,725,449
3 ,282,196,196,232,337,711,"1,084","1,513","1,807","2,171","2,373","2,316","2,177","2,306","2,588","2,538","2,770","2,877","2,561","1,723","1,381",992,712,428
2 ,278,202,153,216,405,886,"1,367","1,938","1,873","2,062","2,290","2,251","2,129","2,283","2,466","2,596","2,718","2,718","2,315","1,691","1,233",962,664,401
1 ,256,182,128,119,186,237,406,623,856,"1,179","1,581","1,711","2,026","2,436","3,002","2,807","2,790","2,431","2,559","2,568","2,100","1,721","1,424",543
7 ,270,236,165,185,253,530,915,"1,195","1,403","1,692","1,883","1,930","2,056","2,131","2,345","2,814","2,926","2,885","2,280",367,-,-,-,375
6 ,106,74,111,129,177,275,445,747,922,"1,222","1,412","1,299","1,316","1,302","1,455","2,476","2,802","2,858","2,545","2,119","1,539","1,280",779,421
5 ,302,203,213,251,386,729,"1,091","1,488","1,790","2,156","1,764","1,599","1,181","1,315","1,411","1,968","2,123","2,476","1,724","1,307",977,540,645,447
4 ,295,197,160,196,365,670,"1,031","1,435","1,699","2,116","2,146","2,257","2,175","2,356","2,748","2,676","2,687","2,874","2,638","1,718","1,344",940,750,461
3 ,264,165,179,193,341,664,"1,038","1,463","1,751","2,240","2,274","2,260","2,319","2,542","3,022","3,124","2,783","2,857","2,595","1,701","1,432",982,660,433
2 ,261,190,170,201,458,934,"1,416","1,940","1,876","1,996","2,239","2,250","2,130","2,362","2,655","2,699","2,769","2,515","2,403","1,593","1,281",984,656,372
1 ,267,214,138,142,231,324,437,634,944,"1,356","1,693","1,850","2,149","2,745","3,037","2,837","3,139","2,683","2,770","2,540","2,056","1,506",908,482
7 ,407,257,198,239,341,604,951,"1,225","1,561","2,035","2,017","2,070","1,992","2,348","2,602","2,941","2,988","2,881","2,572","2,071","1,598","1,112",835,601
6 ,312,203,170,204,375,699,"1,093","1,482","1,798","2,168","2,298","2,316","2,244","2,597","2,933","3,109","3,373","3,106","2,974","2,338","1,859","1,325",929,625
5 ,293,198,182,213,383,712,"1,054","1,493","1,813","2,218","2,283","2,301","2,227","2,486","2,885","2,844","3,098","2,754","2,793","1,903","1,522","1,046",641,500
4 ,297,199,169,215,337,769,"1,089","1,586","1,779","2,197","2,308","2,277","2,202","2,573","2,889","2,847","2,907","2,968","2,737","1,960","1,444","1,027",743,534
3 ,268,175,186,247,378,779,"1,109","1,514","1,824","2,187","2,478","2,247","2,171","2,458","2,959","3,083","3,125","2,992","2,544","1,853","1,412","1,091",919,484
2 ,330,209,181,254,467,951,"1,525","2,000","1,906","2,062","2,271","2,225","2,091","2,449","2,634","2,957","3,028","2,834","2,483","1,741","1,426","1,049",701,457
1 ,351,194,161,173,210,375,456,663,987,"1,370","1,665","1,830","2,125","2,789","3,124","2,921","2,870","2,417","2,438","2,796","2,661","2,601","1,189",558
7 ,333,252,209,283,407,671,"1,040","1,348","1,657","2,088","2,090","2,061","1,915","2,057","2,491","2,802","3,018","2,693","2,828","2,314","1,723","1,188",864,529
6 ,320,202,180,223,418,713,"1,081","1,526","1,808","2,128","2,310","2,434","2,319","2,699","3,005","2,886","2,446","2,605","2,908","2,568","1,791","1,362","1,022",684
5 ,303,196,213,235,387,734,"1,073","1,596","1,783","2,153","2,365","2,251","2,148","2,484","3,028","3,065","3,253","2,948","2,631","1,948","1,509","1,070",774,479
4 ,267,216,180,225,369,694,"1,104","1,515","1,873","2,312","2,278","2,366","2,109","2,547","2,866","3,029","2,821","2,791","2,697","2,037","1,314","1,031",688,496
3 ,274,190,184,225,372,675,"1,179","1,580","1,835","2,225","2,322","2,237","2,118","2,334","2,765","2,905","2,958","2,969","2,705","1,865","1,458","1,082",739,491
2 ,334,206,147,207,415,977,"1,506","1,919","1,923","2,100","2,297","2,228","2,068","2,405","2,530","2,686","2,669","2,773","2,598","1,839","1,411","1,000",647,431
3 ,292,175,211,255,403,732,"1,193","1,546","1,831","2,167","2,292","2,320","2,151","2,231","2,910","2,757","2,604","2,700","2,674","1,953","1,575","1,047",736,473
2 ,283,182,159,243,444,893,"1,518","1,954","1,915","2,046","2,233","1,944","1,895","2,163","2,670","2,770","2,857","2,959","2,698","1,986","1,547","1,082",738,488
1 ,340,198,189,143,263,364,524,742,"1,114","1,359","1,676","1,992","1,959","2,580","3,077","2,907","2,794","2,803","2,729","2,710","2,637","2,274","1,344",608
7 ,473,312,297,328,442,679,"1,052","1,408","1,767","2,047","2,031","1,881","1,975","2,407","2,661","3,025","2,901","2,381","2,064","2,307","1,987","1,373",917,593
6 ,353,232,244,264,391,740,"1,129","1,539","1,752","2,145","2,296","2,318","2,382","2,624","2,875","3,223","3,185","3,232","2,949","2,760","2,154","1,574",993,704
5 ,287,198,214,246,408,760,"1,219","1,707","1,851","2,263","2,245","2,242","2,077","2,460","2,783","2,860","2,525","3,106","2,773","2,134","1,481","1,078",787,513
4 ,310,244,215,234,365,745,"1,133","1,642","1,873","2,132","2,408","2,151","2,164","2,539","2,972","3,072","2,848","2,629","2,797","2,046","1,506","1,035",770,466
3 ,289,225,179,233,378,699,"1,174","1,621","1,863","2,175","2,391","2,280","2,138","2,515","2,968","2,935","3,044","2,893","2,820","2,014","1,649","1,030",625,477
2 ,269,183,197,259,420,941,"1,510","2,018","1,946","2,122","2,255","2,226","2,097","2,296","2,806","2,519","2,311","2,446","2,673","2,020","1,517","1,095",752,469
1 ,402,209,165,159,236,373,513,799,"1,074","1,412","1,753","1,805","1,785","2,216","2,379","2,957","2,896","2,817","2,835","2,827","2,644","2,061","1,141",564
7 ,455,255,250,290,453,699,"1,107","1,484","1,780","2,016","2,065","1,930","1,961","2,178","2,479","2,628","2,963","2,828","2,535","2,545","1,837","1,313",911,604
6 ,344,229,222,234,404,766,"1,145","1,624","1,802","2,195","2,437","2,137","2,266","2,587","2,721","3,001","2,936","3,125","2,997","2,502","2,163","1,569",978,681
5 ,311,214,204,241,419,719,"1,216","1,723","1,812","2,143","2,279","2,290","2,126","2,421","2,822","3,001","2,900","2,806","2,529","1,984","1,695","1,172",791,556
4 ,316,210,193,208,337,750,"1,146","1,615","1,804","2,256","2,325","2,240","2,230","2,561","3,048","3,332","3,184","3,041","2,803","2,013","1,416","1,049",767,495
3 ,310,214,189,234,430,698,"1,184","1,607","1,802","2,251","2,244","2,275","2,304","2,479","2,815","3,025","3,076","2,922","2,700","2,125","1,496","1,202",769,465
2 ,305,222,215,234,436,923,"1,435","1,970","1,922","2,166","2,202","2,341","2,129","2,413","2,775","2,645","2,708","2,776","2,670","1,936","1,520","1,054",680,436
1 ,354,258,155,174,310,374,531,674,949,"1,279","1,481","1,670","1,674","1,911","2,167","2,496","2,959","2,595","2,692","2,322","2,014","1,315",810,544
7 ,449,276,283,297,438,640,969,"1,313","1,723","1,958","1,987","2,159","2,088","2,224","2,597","2,957","3,018","3,125","2,631","1,881","1,615","1,088",772,539
6 ,323,237,209,239,390,716,991,"1,631","1,774","2,253","2,318","2,250","2,398","2,577","3,087","3,187","3,099","3,032","3,008","2,734","1,918","1,515","1,002",706
5 ,-,-,-,-,-,-,-,-,-,-,"2,193","2,376","2,412","2,504","2,775","2,845","3,138","2,843","2,490","1,942","1,492","1,040",738,517
